TS,ÅR,VEJNAVN,KATEGORI,TOTAL,HDT,ÅDT,TUNG %,LADCYKLER %
8,2013,ENGLANDSVEJ n.f. Følfodvej,A+B: KØRETØJER I ALT,10664,14000.0,12500.0,0.018754688672168,0.0
8,2013,ENGLANDSVEJ n.f. Følfodvej,CYKLER + KNALLERTER I ALT,1470,1800.0,1500.0,0.0,0.0156462585034013
8,2014,ENGLANDSVEJ n.f. Følfodvej,A+B: KØRETØJER I ALT,10898,14300.0,12800.0,0.0198201504863277,0.0
8,2014,ENGLANDSVEJ n.f. Følfodvej,CYKLER + KNALLERTER I ALT,2290,2800.0,2400.0,0.0,0.0475982532751091
8,2015,ENGLANDSVEJ n.f. Følfodvej,A+B: KØRETØJER I ALT,11226,14700.0,13100.0,0.0172813112417602,0.0
8,2015,ENGLANDSVEJ n.f. Følfodvej,CYKLER + KNALLERTER I ALT,1758,2100.0,1800.0,0.0,0.030716723549488
8,2016,ENGLANDSVEJ n.f. Følfodvej,A+B: KØRETØJER I ALT,10856,14200.0,12700.0,0.0204495210022107,0.0
8,2016,ENGLANDSVEJ n.f. Følfodvej,CYKLER + KNALLERTER I ALT,2346,2900.0,2400.0,0.0,0.0451832907075873
8,2017,ENGLANDSVEJ n.f. Følfodvej,A+B: KØRETØJER I ALT,11133,14600.0,13000.0,0.0203898320308991,0.0
8,2017,ENGLANDSVEJ n.f. Følfodvej,CYKLER + KNALLERTER I ALT,1985,2400.0,2000.0,0.0,0.0397984886649874
8,2018,ENGLANDSVEJ n.f. Følfodvej,A+B: KØRETØJER I ALT,11239,14700.0,13100.0,0.0219770442210161,0.0
8,2018,ENGLANDSVEJ n.f. Følfodvej,CYKLER + KNALLERTER I ALT,2215,2700.0,2300.0,0.0,0.037471783295711
8,2019,ENGLANDSVEJ n.f. Følfodvej,A+B: KØRETØJER I ALT,11517,15100.0,13500.0,0.0204046192584874,0.0
8,2019,ENGLANDSVEJ n.f. Følfodvej,CYKLER + KNALLERTER I ALT,1787,2200.0,1800.0,0.0,0.0464465584778959
8,2020,ENGLANDSVEJ n.f. Følfodvej,A+B: KØRETØJER I ALT,9311,12200.0,10900.0,0.018902373536677,0.0
8,2020,ENGLANDSVEJ n.f. Følfodvej,CYKLER + KNALLERTER I ALT,2271,2800.0,2300.0,0.0,0.0501981505944517
8,2021,ENGLANDSVEJ n.f. Følfodvej,A+B: KØRETØJER I ALT,10273,13500.0,12000.0,0.0166455757811739,0.0
8,2021,ENGLANDSVEJ n.f. Følfodvej,CYKLER + KNALLERTER I ALT,1417,1700.0,1500.0,0.0,0.0592801693719124
8,2022,ENGLANDSVEJ n.f. Følfodvej,A+B: KØRETØJER I ALT,10941,14300.0,12800.0,0.0170916735216159,0.0
8,2022,ENGLANDSVEJ n.f. Følfodvej,CYKLER + KNALLERTER I ALT,2308,2800.0,2400.0,0.0,0.0766897746967071
8,2023,ENGLANDSVEJ n.f. Følfodvej,A+B: KØRETØJER I ALT,10406,13600.0,12200.0,0.0213338458581587,0.0
8,2023,ENGLANDSVEJ n.f. Følfodvej,CYKLER + KNALLERTER I ALT,1900,2300.0,2000.0,0.0,0.0805263157894736
13,2013,FREDERIKSBORGVEJ 221  s.f. Gladsaxevej,A+B: KØRETØJER I ALT,12952,17000.0,15200.0,0.0355929586164298,0.0
13,2013,FREDERIKSBORGVEJ 221  s.f. Gladsaxevej,CYKLER + KNALLERTER I ALT,5397,6600.0,5600.0,0.0,0.0085232536594404
13,2014,FREDERIKSBORGVEJ 221  s.f. Gladsaxevej,A+B: KØRETØJER I ALT,12750,16700.0,14900.0,0.0385882352941176,0.0
13,2014,FREDERIKSBORGVEJ 221  s.f. Gladsaxevej,CYKLER + KNALLERTER I ALT,3726,4500.0,3800.0,0.0,0.0072463768115942
13,2015,FREDERIKSBORGVEJ 221  s.f. Gladsaxevej,A+B: KØRETØJER I ALT,13182,17300.0,15400.0,0.0342891822181763,0.0
13,2015,FREDERIKSBORGVEJ 221  s.f. Gladsaxevej,CYKLER + KNALLERTER I ALT,4313,5300.0,4400.0,0.0,0.0076512868073266
13,2016,FREDERIKSBORGVEJ 221  s.f. Gladsaxevej,A+B: KØRETØJER I ALT,12740,16700.0,14900.0,0.0373626373626373,0.0
13,2016,FREDERIKSBORGVEJ 221  s.f. Gladsaxevej,CYKLER + KNALLERTER I ALT,3317,4000.0,3400.0,0.0,0.0111546578233343
13,2017,FREDERIKSBORGVEJ 221  s.f. Gladsaxevej,A+B: KØRETØJER I ALT,12942,17000.0,15100.0,0.0356977283263792,0.0
13,2017,FREDERIKSBORGVEJ 221  s.f. Gladsaxevej,CYKLER + KNALLERTER I ALT,3968,4800.0,4100.0,0.0,0.0161290322580645
13,2018,FREDERIKSBORGVEJ 221  s.f. Gladsaxevej,A+B: KØRETØJER I ALT,11728,15400.0,13700.0,0.0366643929058663,0.0
13,2018,FREDERIKSBORGVEJ 221  s.f. Gladsaxevej,CYKLER + KNALLERTER I ALT,5827,7100.0,6000.0,0.0,0.013729191693839
13,2019,FREDERIKSBORGVEJ 221  s.f. Gladsaxevej,A+B: KØRETØJER I ALT,9282,12200.0,10900.0,0.0499892264598147,0.0
13,2019,FREDERIKSBORGVEJ 221  s.f. Gladsaxevej,CYKLER + KNALLERTER I ALT,5806,7100.0,6000.0,0.0,0.0167068549776093
13,2020,FREDERIKSBORGVEJ 221  s.f. Gladsaxevej,A+B: KØRETØJER I ALT,10465,13700.0,12200.0,0.052269469660774,0.0
13,2020,FREDERIKSBORGVEJ 221  s.f. Gladsaxevej,CYKLER + KNALLERTER I ALT,5847,7100.0,6000.0,0.0,0.0205233453052847
13,2021,FREDERIKSBORGVEJ 221  s.f. Gladsaxevej,A+B: KØRETØJER I ALT,10377,13600.0,12100.0,0.051267225595066,0.0
13,2021,FREDERIKSBORGVEJ 221  s.f. Gladsaxevej,CYKLER + KNALLERTER I ALT,5844,7100.0,6000.0,0.0,0.0208761122518822
13,2022,FREDERIKSBORGVEJ 221  s.f. Gladsaxevej,A+B: KØRETØJER I ALT,10543,13800.0,12300.0,0.0481836289481172,0.0
13,2022,FREDERIKSBORGVEJ 221  s.f. Gladsaxevej,CYKLER + KNALLERTER I ALT,5481,6700.0,5600.0,0.0,0.0399562123700054
13,2023,FREDERIKSBORGVEJ 221  s.f. Gladsaxevej,A+B: KØRETØJER I ALT,10121,13300.0,11800.0,0.0432763560912953,0.0
13,2023,FREDERIKSBORGVEJ 221  s.f. Gladsaxevej,CYKLER + KNALLERTER I ALT,4824,5900.0,5000.0,0.0,0.0400082918739635
14,2013,FREDERIKSSUNDSVEJ 356 v.f. Mørkhøjvej,A+B: KØRETØJER I ALT,16535,21700.0,19300.0,0.0344118536437859,0.0
14,2013,FREDERIKSSUNDSVEJ 356 v.f. Mørkhøjvej,CYKLER + KNALLERTER I ALT,3445,4200.0,3500.0,0.0,0.0101596516690856
14,2014,FREDERIKSSUNDSVEJ 356 v.f. Mørkhøjvej,A+B: KØRETØJER I ALT,16873,22100.0,19700.0,0.0309369999407337,0.0
14,2014,FREDERIKSSUNDSVEJ 356 v.f. Mørkhøjvej,CYKLER + KNALLERTER I ALT,2964,3600.0,3100.0,0.0,0.0077597840755735
14,2015,FREDERIKSSUNDSVEJ 356 v.f. Mørkhøjvej,A+B: KØRETØJER I ALT,16658,21800.0,19500.0,0.0310361387921719,0.0
14,2015,FREDERIKSSUNDSVEJ 356 v.f. Mørkhøjvej,CYKLER + KNALLERTER I ALT,3499,4300.0,3600.0,0.0,0.0082880823092312
14,2016,FREDERIKSSUNDSVEJ 356 v.f. Mørkhøjvej,A+B: KØRETØJER I ALT,16292,21300.0,19100.0,0.0301374907930272,0.0
14,2016,FREDERIKSSUNDSVEJ 356 v.f. Mørkhøjvej,CYKLER + KNALLERTER I ALT,1816,2200.0,1900.0,0.0,0.0093612334801762
14,2017,FREDERIKSSUNDSVEJ 356 v.f. Mørkhøjvej,A+B: KØRETØJER I ALT,15742,20600.0,18400.0,0.0400838521153601,0.0
14,2017,FREDERIKSSUNDSVEJ 356 v.f. Mørkhøjvej,CYKLER + KNALLERTER I ALT,3061,3700.0,3200.0,0.0,0.0153544593270173
14,2018,FREDERIKSSUNDSVEJ 356 v.f. Mørkhøjvej,A+B: KØRETØJER I ALT,15914,20800.0,18600.0,0.0375769762473294,0.0
14,2018,FREDERIKSSUNDSVEJ 356 v.f. Mørkhøjvej,CYKLER + KNALLERTER I ALT,4131,5000.0,4300.0,0.0,0.0154926167998063
14,2019,FREDERIKSSUNDSVEJ 356 v.f. Mørkhøjvej,A+B: KØRETØJER I ALT,16120,21100.0,18900.0,0.0400124069478908,0.0
14,2019,FREDERIKSSUNDSVEJ 356 v.f. Mørkhøjvej,CYKLER + KNALLERTER I ALT,2290,2800.0,2400.0,0.0,0.0253275109170305
14,2020,FREDERIKSSUNDSVEJ 356 v.f. Mørkhøjvej,A+B: KØRETØJER I ALT,16329,21400.0,19100.0,0.0300692020331924,0.0
14,2020,FREDERIKSSUNDSVEJ 356 v.f. Mørkhøjvej,CYKLER + KNALLERTER I ALT,4749,5800.0,4900.0,0.0,0.0282164666245525
14,2021,FREDERIKSSUNDSVEJ 356 v.f. Mørkhøjvej,A+B: KØRETØJER I ALT,16009,21000.0,18700.0,0.0382284964707352,0.0
14,2021,FREDERIKSSUNDSVEJ 356 v.f. Mørkhøjvej,CYKLER + KNALLERTER I ALT,3589,4400.0,3700.0,0.0,0.0281415436054611
14,2022,FREDERIKSSUNDSVEJ 356 v.f. Mørkhøjvej,A+B: KØRETØJER I ALT,15480,20300.0,18100.0,0.0368217054263565,0.0
14,2022,FREDERIKSSUNDSVEJ 356 v.f. Mørkhøjvej,CYKLER + KNALLERTER I ALT,3627,4400.0,3700.0,0.0,0.0402536531568789
14,2023,FREDERIKSSUNDSVEJ 356 v.f. Mørkhøjvej,A+B: KØRETØJER I ALT,14623,19200.0,17100.0,0.0356971893592286,0.0
14,2023,FREDERIKSSUNDSVEJ 356 v.f. Mørkhøjvej,CYKLER + KNALLERTER I ALT,3402,4200.0,3500.0,0.0,0.0340975896531452
16,2013,GL. KØGE LANDEVEJ 220A s.f. Vigerslevvej,A+B: KØRETØJER I ALT,12100,15900.0,14200.0,0.0443801652892562,0.0
16,2013,GL. KØGE LANDEVEJ 220A s.f. Vigerslevvej,CYKLER + KNALLERTER I ALT,2956,3600.0,3000.0,0.0,0.0077807848443843
16,2014,GL. KØGE LANDEVEJ 220A s.f. Vigerslevvej,A+B: KØRETØJER I ALT,12587,16500.0,14700.0,0.0442520060379756,0.0
16,2014,GL. KØGE LANDEVEJ 220A s.f. Vigerslevvej,CYKLER + KNALLERTER I ALT,3246,4000.0,3300.0,0.0,0.0064695009242144
16,2015,GL. KØGE LANDEVEJ 220A s.f. Vigerslevvej,A+B: KØRETØJER I ALT,12358,16200.0,14500.0,0.0512218805631979,0.0
16,2015,GL. KØGE LANDEVEJ 220A s.f. Vigerslevvej,CYKLER + KNALLERTER I ALT,2744,3300.0,2800.0,0.0,0.0098396501457725
16,2016,GL. KØGE LANDEVEJ 220A s.f. Vigerslevvej,A+B: KØRETØJER I ALT,12937,16900.0,15100.0,0.0542629666847027,0.0
16,2016,GL. KØGE LANDEVEJ 220A s.f. Vigerslevvej,CYKLER + KNALLERTER I ALT,3807,4600.0,3900.0,0.0,0.0057788284738639
16,2017,GL. KØGE LANDEVEJ 220A s.f. Vigerslevvej,A+B: KØRETØJER I ALT,14023,18400.0,16400.0,0.0466376666904371,0.0
16,2017,GL. KØGE LANDEVEJ 220A s.f. Vigerslevvej,CYKLER + KNALLERTER I ALT,2271,2800.0,2300.0,0.0,0.0176133861734918
16,2018,GL. KØGE LANDEVEJ 220A s.f. Vigerslevvej,A+B: KØRETØJER I ALT,12818,16800.0,15000.0,0.0469652051802153,0.0
16,2018,GL. KØGE LANDEVEJ 220A s.f. Vigerslevvej,CYKLER + KNALLERTER I ALT,3844,4700.0,4000.0,0.0,0.0158688865764828
16,2019,GL. KØGE LANDEVEJ 220A s.f. Vigerslevvej,A+B: KØRETØJER I ALT,12932,16900.0,15100.0,0.0446953294154036,0.0
16,2019,GL. KØGE LANDEVEJ 220A s.f. Vigerslevvej,CYKLER + KNALLERTER I ALT,2744,3300.0,2800.0,0.0,0.0225947521865889
16,2020,GL. KØGE LANDEVEJ 220A s.f. Vigerslevvej,A+B: KØRETØJER I ALT,13420,17600.0,15700.0,0.0375558867362146,0.0
16,2020,GL. KØGE LANDEVEJ 220A s.f. Vigerslevvej,CYKLER + KNALLERTER I ALT,4623,5600.0,4800.0,0.0,0.0259571706683971
16,2021,GL. KØGE LANDEVEJ 220A s.f. Vigerslevvej,A+B: KØRETØJER I ALT,12790,16800.0,15000.0,0.0380766223612197,0.0
16,2021,GL. KØGE LANDEVEJ 220A s.f. Vigerslevvej,CYKLER + KNALLERTER I ALT,3699,4500.0,3800.0,0.0,0.0362260070289267
16,2022,GL. KØGE LANDEVEJ 220A s.f. Vigerslevvej,A+B: KØRETØJER I ALT,12353,16200.0,14500.0,0.0475997733344126,0.0
16,2022,GL. KØGE LANDEVEJ 220A s.f. Vigerslevvej,CYKLER + KNALLERTER I ALT,3874,4700.0,4000.0,0.0,0.0384615384615384
16,2023,GL. KØGE LANDEVEJ 220A s.f. Vigerslevvej,A+B: KØRETØJER I ALT,12030,15800.0,14100.0,0.0500415627597672,0.0
16,2023,GL. KØGE LANDEVEJ 220A s.f. Vigerslevvej,CYKLER + KNALLERTER I ALT,3484,4300.0,3600.0,0.0,0.0309988518943742
20,2013,HARESKOVVEJ nv.f. Ruten (Hillerødmotorvejen),A+B: KØRETØJER I ALT,42323,55400.0,49500.0,0.0162323086737707,0.0
20,2013,HARESKOVVEJ nv.f. Ruten (Hillerødmotorvejen),CYKLER + KNALLERTER I ALT,3628,4400.0,3700.0,0.0,0.0027563395810363
20,2014,HARESKOVVEJ nv.f. Ruten (Hillerødmotorvejen),A+B: KØRETØJER I ALT,45747,59900.0,53500.0,0.0147113471921656,0.0
20,2014,HARESKOVVEJ nv.f. Ruten (Hillerødmotorvejen),CYKLER + KNALLERTER I ALT,2985,3600.0,3100.0,0.0,0.0046901172529313
20,2015,HARESKOVVEJ nv.f. Ruten (Hillerødmotorvejen),A+B: KØRETØJER I ALT,43973,57600.0,51400.0,0.0134400654947354,0.0
20,2015,HARESKOVVEJ nv.f. Ruten (Hillerødmotorvejen),CYKLER + KNALLERTER I ALT,4940,6000.0,5100.0,0.0,0.0050607287449392
20,2016,HARESKOVVEJ nv.f. Ruten (Hillerødmotorvejen),A+B: KØRETØJER I ALT,44588,58400.0,52200.0,0.0144209204270207,0.0
20,2016,HARESKOVVEJ nv.f. Ruten (Hillerødmotorvejen),CYKLER + KNALLERTER I ALT,2211,2700.0,2300.0,0.0,0.0113071008593396
20,2017,HARESKOVVEJ nv.f. Ruten (Hillerødmotorvejen),A+B: KØRETØJER I ALT,48563,63600.0,56800.0,0.0160822024998455,0.0
20,2017,HARESKOVVEJ nv.f. Ruten (Hillerødmotorvejen),CYKLER + KNALLERTER I ALT,3280,4000.0,3400.0,0.0,0.0125
20,2018,HARESKOVVEJ nv.f. Ruten (Hillerødmotorvejen),A+B: KØRETØJER I ALT,50811,66600.0,59400.0,0.0176733384503355,0.0
20,2018,HARESKOVVEJ nv.f. Ruten (Hillerødmotorvejen),CYKLER + KNALLERTER I ALT,5494,6700.0,5700.0,0.0,0.010192937750273
20,2019,HARESKOVVEJ nv.f. Ruten (Hillerødmotorvejen),A+B: KØRETØJER I ALT,52047,68200.0,60900.0,0.016177685553442,0.0
20,2019,HARESKOVVEJ nv.f. Ruten (Hillerødmotorvejen),CYKLER + KNALLERTER I ALT,5317,6500.0,5500.0,0.0,0.0135414707541846
20,2020,HARESKOVVEJ nv.f. Ruten (Hillerødmotorvejen),A+B: KØRETØJER I ALT,51254,67100.0,60000.0,0.014593982908651,0.0
20,2020,HARESKOVVEJ nv.f. Ruten (Hillerødmotorvejen),CYKLER + KNALLERTER I ALT,6137,7500.0,6300.0,0.0,0.0172722828743685
20,2021,HARESKOVVEJ nv.f. Ruten (Hillerødmotorvejen),A+B: KØRETØJER I ALT,49633,65000.0,58100.0,0.016259343581891,0.0
20,2021,HARESKOVVEJ nv.f. Ruten (Hillerødmotorvejen),CYKLER + KNALLERTER I ALT,5191,6300.0,5300.0,0.0,0.0250433442496628
20,2022,HARESKOVVEJ nv.f. Ruten (Hillerødmotorvejen),A+B: KØRETØJER I ALT,47495,62200.0,55600.0,0.0156016422781345,0.0
20,2022,HARESKOVVEJ nv.f. Ruten (Hillerødmotorvejen),CYKLER + KNALLERTER I ALT,4865,5900.0,5000.0,0.0,0.0279547790339157
20,2023,HARESKOVVEJ nv.f. Ruten (Hillerødmotorvejen),A+B: KØRETØJER I ALT,46852,61400.0,54800.0,0.0205327413984461,0.0
20,2023,HARESKOVVEJ nv.f. Ruten (Hillerødmotorvejen),CYKLER + KNALLERTER I ALT,3612,4400.0,3700.0,0.0,0.0420819490586932
24,2013,JYLLINGEVEJ 125 v.f. Tudskærvej,A+B: KØRETØJER I ALT,24754,32400.0,29000.0,0.0326411893027389,0.0
24,2013,JYLLINGEVEJ 125 v.f. Tudskærvej,CYKLER + KNALLERTER I ALT,1525,1900.0,1600.0,0.0,0.0118032786885245
24,2014,JYLLINGEVEJ 125 v.f. Tudskærvej,A+B: KØRETØJER I ALT,25490,33400.0,29800.0,0.0284425264809729,0.0
24,2014,JYLLINGEVEJ 125 v.f. Tudskærvej,CYKLER + KNALLERTER I ALT,1666,2000.0,1700.0,0.0,0.0162064825930372
24,2015,JYLLINGEVEJ 125 v.f. Tudskærvej,A+B: KØRETØJER I ALT,25828,33800.0,30200.0,0.02954158277838,0.0
24,2015,JYLLINGEVEJ 125 v.f. Tudskærvej,CYKLER + KNALLERTER I ALT,1863,2300.0,1900.0,0.0,0.0118089103596349
24,2016,JYLLINGEVEJ 125 v.f. Tudskærvej,A+B: KØRETØJER I ALT,27119,35500.0,31700.0,0.030642722814263,0.0
24,2016,JYLLINGEVEJ 125 v.f. Tudskærvej,CYKLER + KNALLERTER I ALT,2125,2600.0,2200.0,0.0,0.0127058823529411
24,2017,JYLLINGEVEJ 125 v.f. Tudskærvej,A+B: KØRETØJER I ALT,28045,36700.0,32800.0,0.0309146015332501,0.0
24,2017,JYLLINGEVEJ 125 v.f. Tudskærvej,CYKLER + KNALLERTER I ALT,1749,2100.0,1800.0,0.0,0.0085763293310463
24,2018,JYLLINGEVEJ 125 v.f. Tudskærvej,A+B: KØRETØJER I ALT,28982,38000.0,33900.0,0.0312607825546891,0.0
24,2018,JYLLINGEVEJ 125 v.f. Tudskærvej,CYKLER + KNALLERTER I ALT,2210,2700.0,2300.0,0.0,0.0257918552036199
24,2019,JYLLINGEVEJ 125 v.f. Tudskærvej,A+B: KØRETØJER I ALT,29514,38700.0,34500.0,0.0247340245307311,0.0
24,2019,JYLLINGEVEJ 125 v.f. Tudskærvej,CYKLER + KNALLERTER I ALT,1547,1900.0,1600.0,0.0,0.0252100840336134
24,2020,JYLLINGEVEJ 125 v.f. Tudskærvej,A+B: KØRETØJER I ALT,27699,36300.0,32400.0,0.0255243871619914,0.0
24,2020,JYLLINGEVEJ 125 v.f. Tudskærvej,CYKLER + KNALLERTER I ALT,2010,2500.0,2100.0,0.0,0.0218905472636815
24,2021,JYLLINGEVEJ 125 v.f. Tudskærvej,A+B: KØRETØJER I ALT,27281,35700.0,31900.0,0.0277849052454088,0.0
24,2021,JYLLINGEVEJ 125 v.f. Tudskærvej,CYKLER + KNALLERTER I ALT,1699,2100.0,1700.0,0.0,0.035314891112419
24,2022,JYLLINGEVEJ 125 v.f. Tudskærvej,A+B: KØRETØJER I ALT,28690,37600.0,33600.0,0.0293133495991634,0.0
24,2022,JYLLINGEVEJ 125 v.f. Tudskærvej,CYKLER + KNALLERTER I ALT,1641,2000.0,1700.0,0.0,0.0341255332114564
24,2023,JYLLINGEVEJ 125 v.f. Tudskærvej,A+B: KØRETØJER I ALT,23708,31100.0,27700.0,0.0323519487092964,0.0
24,2023,JYLLINGEVEJ 125 v.f. Tudskærvej,CYKLER + KNALLERTER I ALT,1632,2000.0,1700.0,0.0,0.0355392156862745
31,2013,LYNGBYVEJ n.f. Emdrupvej (Helsingørmotorvejen),A+B: KØRETØJER I ALT,54110,70900.0,63300.0,0.0235631121788948,0.0
31,2013,LYNGBYVEJ n.f. Emdrupvej (Helsingørmotorvejen),CYKLER + KNALLERTER I ALT,5321,6500.0,5500.0,0.0,0.0062018417590678
31,2014,LYNGBYVEJ n.f. Emdrupvej (Helsingørmotorvejen),A+B: KØRETØJER I ALT,55725,73000.0,65200.0,0.0264872139973082,0.0
31,2014,LYNGBYVEJ n.f. Emdrupvej (Helsingørmotorvejen),CYKLER + KNALLERTER I ALT,5499,6700.0,5700.0,0.0,0.006001091107474
31,2015,LYNGBYVEJ n.f. Emdrupvej (Helsingørmotorvejen),A+B: KØRETØJER I ALT,57118,74800.0,66800.0,0.0230925452571868,0.0
31,2015,LYNGBYVEJ n.f. Emdrupvej (Helsingørmotorvejen),CYKLER + KNALLERTER I ALT,4358,5300.0,4500.0,0.0,0.0087195961450206
31,2016,LYNGBYVEJ n.f. Emdrupvej (Helsingørmotorvejen),A+B: KØRETØJER I ALT,59121,77400.0,69200.0,0.0224285786776272,0.0
31,2016,LYNGBYVEJ n.f. Emdrupvej (Helsingørmotorvejen),CYKLER + KNALLERTER I ALT,5433,6600.0,5600.0,0.0,0.0106755015645131
31,2017,LYNGBYVEJ n.f. Emdrupvej (Helsingørmotorvejen),A+B: KØRETØJER I ALT,62319,81600.0,72900.0,0.022593430574945,0.0
31,2017,LYNGBYVEJ n.f. Emdrupvej (Helsingørmotorvejen),CYKLER + KNALLERTER I ALT,6398,7800.0,6600.0,0.0,0.0084401375429821
31,2018,LYNGBYVEJ n.f. Emdrupvej (Helsingørmotorvejen),A+B: KØRETØJER I ALT,67887,88900.0,79400.0,0.030167778808903,0.0
31,2018,LYNGBYVEJ n.f. Emdrupvej (Helsingørmotorvejen),CYKLER + KNALLERTER I ALT,0,0.0,0.0,0.0,0.0
31,2019,LYNGBYVEJ n.f. Emdrupvej (Helsingørmotorvejen),A+B: KØRETØJER I ALT,69282,90800.0,81100.0,0.0325481366011373,0.0
31,2019,LYNGBYVEJ n.f. Emdrupvej (Helsingørmotorvejen),CYKLER + KNALLERTER I ALT,0,0.0,0.0,0.0,0.0
31,2020,LYNGBYVEJ n.f. Emdrupvej (Helsingørmotorvejen),A+B: KØRETØJER I ALT,69304,90800.0,81100.0,0.0252943553041671,0.0
31,2020,LYNGBYVEJ n.f. Emdrupvej (Helsingørmotorvejen),CYKLER + KNALLERTER I ALT,0,0.0,0.0,0.0,0.0
31,2021,LYNGBYVEJ n.f. Emdrupvej (Helsingørmotorvejen),A+B: KØRETØJER I ALT,68286,89500.0,79900.0,0.0342237061769616,0.0
31,2021,LYNGBYVEJ n.f. Emdrupvej (Helsingørmotorvejen),CYKLER + KNALLERTER I ALT,0,0.0,0.0,0.0,0.0
31,2022,LYNGBYVEJ n.f. Emdrupvej (Helsingørmotorvejen),A+B: KØRETØJER I ALT,67576,88500.0,79100.0,0.0308541494021546,0.0
31,2022,LYNGBYVEJ n.f. Emdrupvej (Helsingørmotorvejen),CYKLER + KNALLERTER I ALT,0,0.0,0.0,0.0,0.0
31,2023,LYNGBYVEJ n.f. Emdrupvej (Helsingørmotorvejen),A+B: KØRETØJER I ALT,64812,84900.0,75800.0,0.0329722890822687,0.0
31,2023,LYNGBYVEJ n.f. Emdrupvej (Helsingørmotorvejen),CYKLER + KNALLERTER I ALT,0,0.0,0.0,0.0,0.0
36,2013,ROSKILDEVEJ s.f. Damhussøen,A+B: KØRETØJER I ALT,32949,43200.0,38600.0,0.032990379070685,0.0
36,2013,ROSKILDEVEJ s.f. Damhussøen,CYKLER + KNALLERTER I ALT,5405,6600.0,5600.0,0.0,0.0077705827937095
36,2014,ROSKILDEVEJ s.f. Damhussøen,A+B: KØRETØJER I ALT,30368,39800.0,35500.0,0.0347734457323498,0.0
36,2014,ROSKILDEVEJ s.f. Damhussøen,CYKLER + KNALLERTER I ALT,4187,5100.0,4300.0,0.0,0.0042990207786004
36,2015,ROSKILDEVEJ s.f. Damhussøen,A+B: KØRETØJER I ALT,36092,47300.0,42200.0,0.0311980494292363,0.0
36,2015,ROSKILDEVEJ s.f. Damhussøen,CYKLER + KNALLERTER I ALT,6068,7400.0,6300.0,0.0,0.0100527356624917
36,2016,ROSKILDEVEJ s.f. Damhussøen,A+B: KØRETØJER I ALT,35709,46800.0,41800.0,0.0316166792685317,0.0
36,2016,ROSKILDEVEJ s.f. Damhussøen,CYKLER + KNALLERTER I ALT,3024,3700.0,3100.0,0.0,0.0092592592592592
36,2017,ROSKILDEVEJ s.f. Damhussøen,A+B: KØRETØJER I ALT,35125,46000.0,41100.0,0.03288256227758,0.0
36,2017,ROSKILDEVEJ s.f. Damhussøen,CYKLER + KNALLERTER I ALT,4772,5800.0,4900.0,0.0,0.0062866722548197
36,2018,ROSKILDEVEJ s.f. Damhussøen,A+B: KØRETØJER I ALT,26745,35000.0,31300.0,0.03888577304169,0.0
36,2018,ROSKILDEVEJ s.f. Damhussøen,CYKLER + KNALLERTER I ALT,5804,7100.0,6000.0,0.0,0.0146450723638869
36,2019,ROSKILDEVEJ s.f. Damhussøen,A+B: KØRETØJER I ALT,31560,41300.0,36900.0,0.0327946768060836,0.0
36,2019,ROSKILDEVEJ s.f. Damhussøen,CYKLER + KNALLERTER I ALT,4594,5600.0,4700.0,0.0,0.0150195907705703
36,2020,ROSKILDEVEJ s.f. Damhussøen,A+B: KØRETØJER I ALT,29391,38500.0,34400.0,0.0288863937940185,0.0
36,2020,ROSKILDEVEJ s.f. Damhussøen,CYKLER + KNALLERTER I ALT,6534,8000.0,6700.0,0.0,0.0159167431894704
36,2021,ROSKILDEVEJ s.f. Damhussøen,A+B: KØRETØJER I ALT,31232,40900.0,36500.0,0.0292328381147541,0.0
36,2021,ROSKILDEVEJ s.f. Damhussøen,CYKLER + KNALLERTER I ALT,5382,6600.0,5500.0,0.0,0.0280564845782237
36,2022,ROSKILDEVEJ s.f. Damhussøen,A+B: KØRETØJER I ALT,30115,39500.0,35200.0,0.0299186451934252,0.0
36,2022,ROSKILDEVEJ s.f. Damhussøen,CYKLER + KNALLERTER I ALT,5837,7100.0,6000.0,0.0,0.0349494603392153
36,2023,ROSKILDEVEJ s.f. Damhussøen,A+B: KØRETØJER I ALT,29078,38100.0,34000.0,0.0301946488754384,0.0
36,2023,ROSKILDEVEJ s.f. Damhussøen,CYKLER + KNALLERTER I ALT,5837,7100.0,6000.0,0.0,0.0323796470789789
40,2013,SLOTSHERRENSVEJ 139 ø.f. Søndervigvej,A+B: KØRETØJER I ALT,13279,17400.0,15500.0,0.0234204382860155,0.0
40,2013,SLOTSHERRENSVEJ 139 ø.f. Søndervigvej,CYKLER + KNALLERTER I ALT,1599,2000.0,1600.0,0.0,0.0193871169480925
40,2014,SLOTSHERRENSVEJ 139 ø.f. Søndervigvej,A+B: KØRETØJER I ALT,13559,17800.0,15900.0,0.0216092632200014,0.0
40,2014,SLOTSHERRENSVEJ 139 ø.f. Søndervigvej,CYKLER + KNALLERTER I ALT,1800,2200.0,1900.0,0.0,0.0094444444444444
40,2015,SLOTSHERRENSVEJ 139 ø.f. Søndervigvej,A+B: KØRETØJER I ALT,13402,17600.0,15700.0,0.0205193254738098,0.0
40,2015,SLOTSHERRENSVEJ 139 ø.f. Søndervigvej,CYKLER + KNALLERTER I ALT,2123,2600.0,2200.0,0.0,0.017428167687235
40,2016,SLOTSHERRENSVEJ 139 ø.f. Søndervigvej,A+B: KØRETØJER I ALT,12614,16500.0,14800.0,0.0218011732995084,0.0
40,2016,SLOTSHERRENSVEJ 139 ø.f. Søndervigvej,CYKLER + KNALLERTER I ALT,2439,3000.0,2500.0,0.0,0.01230012300123
40,2017,SLOTSHERRENSVEJ 139 ø.f. Søndervigvej,A+B: KØRETØJER I ALT,12617,16500.0,14800.0,0.0204486010937623,0.0
40,2017,SLOTSHERRENSVEJ 139 ø.f. Søndervigvej,CYKLER + KNALLERTER I ALT,1694,2100.0,1700.0,0.0,0.0188902007083825
40,2018,SLOTSHERRENSVEJ 139 ø.f. Søndervigvej,A+B: KØRETØJER I ALT,13007,17000.0,15200.0,0.0207580533558852,0.0
40,2018,SLOTSHERRENSVEJ 139 ø.f. Søndervigvej,CYKLER + KNALLERTER I ALT,2343,2900.0,2400.0,0.0,0.0307298335467349
40,2019,SLOTSHERRENSVEJ 139 ø.f. Søndervigvej,A+B: KØRETØJER I ALT,12166,15900.0,14200.0,0.0197271083347032,0.0
40,2019,SLOTSHERRENSVEJ 139 ø.f. Søndervigvej,CYKLER + KNALLERTER I ALT,1385,1700.0,1400.0,0.0,0.0425992779783393
40,2020,SLOTSHERRENSVEJ 139 ø.f. Søndervigvej,A+B: KØRETØJER I ALT,9127,12000.0,10700.0,0.0201599649391914,0.0
40,2020,SLOTSHERRENSVEJ 139 ø.f. Søndervigvej,CYKLER + KNALLERTER I ALT,2347,2900.0,2400.0,0.0,0.0340860673199829
40,2021,SLOTSHERRENSVEJ 139 ø.f. Søndervigvej,A+B: KØRETØJER I ALT,11785,15400.0,13800.0,0.0207891387356809,0.0
40,2021,SLOTSHERRENSVEJ 139 ø.f. Søndervigvej,CYKLER + KNALLERTER I ALT,2248,2700.0,2300.0,0.0,0.048932384341637
40,2022,SLOTSHERRENSVEJ 139 ø.f. Søndervigvej,A+B: KØRETØJER I ALT,12961,17000.0,15200.0,0.0193657896767224,0.0
40,2022,SLOTSHERRENSVEJ 139 ø.f. Søndervigvej,CYKLER + KNALLERTER I ALT,2279,2800.0,2300.0,0.0,0.0421237384817902
40,2023,SLOTSHERRENSVEJ 139 ø.f. Søndervigvej,A+B: KØRETØJER I ALT,15895,20800.0,18600.0,0.0181189053161371,0.0
40,2023,SLOTSHERRENSVEJ 139 ø.f. Søndervigvej,CYKLER + KNALLERTER I ALT,2391,2900.0,2500.0,0.0,0.0581346716854872
43,2013,STRANDVEJEN 119 s.f. Tuborgvej,A+B: KØRETØJER I ALT,21932,28700.0,25700.0,0.0847163961335035,0.0
43,2013,STRANDVEJEN 119 s.f. Tuborgvej,CYKLER + KNALLERTER I ALT,4599,5600.0,4700.0,0.0,0.0176125244618395
43,2014,STRANDVEJEN 119 s.f. Tuborgvej,A+B: KØRETØJER I ALT,25066,32800.0,29300.0,0.0767174658900502,0.0
43,2014,STRANDVEJEN 119 s.f. Tuborgvej,CYKLER + KNALLERTER I ALT,5790,7100.0,6000.0,0.0,0.0189982728842832
43,2015,STRANDVEJEN 119 s.f. Tuborgvej,A+B: KØRETØJER I ALT,21255,27800.0,24900.0,0.0808280404610679,0.0
43,2015,STRANDVEJEN 119 s.f. Tuborgvej,CYKLER + KNALLERTER I ALT,6908,8400.0,7100.0,0.0,0.0160683265778807
43,2016,STRANDVEJEN 119 s.f. Tuborgvej,A+B: KØRETØJER I ALT,22263,29200.0,26000.0,0.0775277366033328,0.0
43,2016,STRANDVEJEN 119 s.f. Tuborgvej,CYKLER + KNALLERTER I ALT,4655,5700.0,4800.0,0.0,0.0174006444683136
43,2017,STRANDVEJEN 119 s.f. Tuborgvej,A+B: KØRETØJER I ALT,21316,27900.0,24900.0,0.0779696003002439,0.0
43,2017,STRANDVEJEN 119 s.f. Tuborgvej,CYKLER + KNALLERTER I ALT,5874,7200.0,6100.0,0.0,0.0255362614913176
43,2018,STRANDVEJEN 119 s.f. Tuborgvej,A+B: KØRETØJER I ALT,15351,20100.0,18000.0,0.0397368249625431,0.0
43,2018,STRANDVEJEN 119 s.f. Tuborgvej,CYKLER + KNALLERTER I ALT,8253,10100.0,8500.0,0.0,0.0247182842602689
43,2019,STRANDVEJEN 119 s.f. Tuborgvej,A+B: KØRETØJER I ALT,14688,19200.0,17200.0,0.036968954248366,0.0
43,2019,STRANDVEJEN 119 s.f. Tuborgvej,CYKLER + KNALLERTER I ALT,7675,9400.0,7900.0,0.0,0.0308794788273615
43,2020,STRANDVEJEN 119 s.f. Tuborgvej,A+B: KØRETØJER I ALT,15518,20300.0,18200.0,0.0318339992267044,0.0
43,2020,STRANDVEJEN 119 s.f. Tuborgvej,CYKLER + KNALLERTER I ALT,5088,6200.0,5200.0,0.0,0.0448113207547169
43,2021,STRANDVEJEN 119 s.f. Tuborgvej,A+B: KØRETØJER I ALT,13868,18200.0,16200.0,0.0349004903374675,0.0
43,2021,STRANDVEJEN 119 s.f. Tuborgvej,CYKLER + KNALLERTER I ALT,7298,8900.0,7500.0,0.0,0.0383666758015894
43,2022,STRANDVEJEN 119 s.f. Tuborgvej,A+B: KØRETØJER I ALT,13138,17200.0,15400.0,0.0383620033490637,0.0
43,2022,STRANDVEJEN 119 s.f. Tuborgvej,CYKLER + KNALLERTER I ALT,6187,7500.0,6400.0,0.0,0.0488120252141587
43,2023,STRANDVEJEN 119 s.f. Tuborgvej,A+B: KØRETØJER I ALT,14037,18400.0,16400.0,0.0366887511576547,0.0
43,2023,STRANDVEJEN 119 s.f. Tuborgvej,CYKLER + KNALLERTER I ALT,7573,9200.0,7800.0,0.0,0.0522910339363528
45,2013,SØNDERKÆR s.f. Holbækmotorvejen,A+B: KØRETØJER I ALT,3608,4700.0,4200.0,0.0227272727272727,0.0
45,2014,SØNDERKÆR s.f. Holbækmotorvejen,A+B: KØRETØJER I ALT,5498,7200.0,6400.0,0.083666787922881,0.0
45,2014,SØNDERKÆR s.f. Holbækmotorvejen,CYKLER + KNALLERTER I ALT,1371,1700.0,1400.0,0.0,0.0
45,2015,SØNDERKÆR s.f. Holbækmotorvejen,A+B: KØRETØJER I ALT,6624,8700.0,7800.0,0.0715579710144927,0.0
45,2015,SØNDERKÆR s.f. Holbækmotorvejen,CYKLER + KNALLERTER I ALT,1405,1700.0,1400.0,0.0,0.0
45,2016,SØNDERKÆR s.f. Holbækmotorvejen,A+B: KØRETØJER I ALT,5762,7500.0,6700.0,0.0761888233252343,0.0
45,2016,SØNDERKÆR s.f. Holbækmotorvejen,CYKLER + KNALLERTER I ALT,1249,1500.0,1300.0,0.0,0.0
45,2017,SØNDERKÆR s.f. Holbækmotorvejen,A+B: KØRETØJER I ALT,3020,4000.0,3500.0,0.0288079470198675,0.0
45,2017,SØNDERKÆR s.f. Holbækmotorvejen,CYKLER + KNALLERTER I ALT,923,1100.0,1000.0,0.0,0.0
45,2018,SØNDERKÆR s.f. Holbækmotorvejen,A+B: KØRETØJER I ALT,3629,4800.0,4200.0,0.0303113805456048,0.0
45,2018,SØNDERKÆR s.f. Holbækmotorvejen,CYKLER + KNALLERTER I ALT,1517,1900.0,1600.0,0.0,0.0
45,2019,SØNDERKÆR s.f. Holbækmotorvejen,A+B: KØRETØJER I ALT,4189,5500.0,4900.0,0.0248269276677011,0.0
45,2019,SØNDERKÆR s.f. Holbækmotorvejen,CYKLER + KNALLERTER I ALT,1166,1400.0,1200.0,0.0,0.0
45,2020,SØNDERKÆR s.f. Holbækmotorvejen,A+B: KØRETØJER I ALT,4021,5300.0,4700.0,0.0226311862720716,0.0
45,2020,SØNDERKÆR s.f. Holbækmotorvejen,CYKLER + KNALLERTER I ALT,1168,1400.0,1200.0,0.0,0.0
45,2021,SØNDERKÆR s.f. Holbækmotorvejen,A+B: KØRETØJER I ALT,4010,5300.0,4700.0,0.0314214463840399,0.0
45,2021,SØNDERKÆR s.f. Holbækmotorvejen,CYKLER + KNALLERTER I ALT,1155,1400.0,1200.0,0.0,0.0
45,2022,SØNDERKÆR s.f. Holbækmotorvejen,A+B: KØRETØJER I ALT,4037,5300.0,4700.0,0.0277433737924201,0.0
45,2022,SØNDERKÆR s.f. Holbækmotorvejen,CYKLER + KNALLERTER I ALT,1258,1500.0,1300.0,0.0,0.0
45,2023,SØNDERKÆR s.f. Holbækmotorvejen,A+B: KØRETØJER I ALT,4032,5300.0,4700.0,0.0285218253968253,0.0
45,2023,SØNDERKÆR s.f. Holbækmotorvejen,CYKLER + KNALLERTER I ALT,1185,1400.0,1200.0,0.0,0.0
49,2013,TUBORGVEJ 157 sv.f. Lundedalsvej,A+B: KØRETØJER I ALT,23608,30900.0,27600.0,0.0221111487631311,0.0
49,2013,TUBORGVEJ 157 sv.f. Lundedalsvej,CYKLER + KNALLERTER I ALT,2352,2900.0,2400.0,0.0,0.0042517006802721
49,2014,TUBORGVEJ 157 sv.f. Lundedalsvej,A+B: KØRETØJER I ALT,25223,33000.0,29500.0,0.022757007493161,0.0
49,2014,TUBORGVEJ 157 sv.f. Lundedalsvej,CYKLER + KNALLERTER I ALT,2243,2700.0,2300.0,0.0,0.0133749442710655
49,2015,TUBORGVEJ 157 sv.f. Lundedalsvej,A+B: KØRETØJER I ALT,24118,31600.0,28200.0,0.0229703955551869,0.0
49,2015,TUBORGVEJ 157 sv.f. Lundedalsvej,CYKLER + KNALLERTER I ALT,2607,3200.0,2700.0,0.0,0.0103567318757192
49,2016,TUBORGVEJ 157 sv.f. Lundedalsvej,A+B: KØRETØJER I ALT,25317,33200.0,29600.0,0.0238179879132598,0.0
49,2016,TUBORGVEJ 157 sv.f. Lundedalsvej,CYKLER + KNALLERTER I ALT,2969,3600.0,3100.0,0.0,0.0124621084540249
49,2017,TUBORGVEJ 157 sv.f. Lundedalsvej,A+B: KØRETØJER I ALT,24637,32300.0,28800.0,0.0193205341559443,0.0
49,2017,TUBORGVEJ 157 sv.f. Lundedalsvej,CYKLER + KNALLERTER I ALT,2938,3600.0,3000.0,0.0,0.0095302927161334
49,2018,TUBORGVEJ 157 sv.f. Lundedalsvej,A+B: KØRETØJER I ALT,25017,32800.0,29300.0,0.020026382060199,0.0
49,2018,TUBORGVEJ 157 sv.f. Lundedalsvej,CYKLER + KNALLERTER I ALT,3594,4400.0,3700.0,0.0,0.0125208681135225
49,2019,TUBORGVEJ 157 sv.f. Lundedalsvej,A+B: KØRETØJER I ALT,25812,33800.0,30200.0,0.0182473268247326,0.0
49,2019,TUBORGVEJ 157 sv.f. Lundedalsvej,CYKLER + KNALLERTER I ALT,3483,4200.0,3600.0,0.0,0.0172265288544358
49,2020,TUBORGVEJ 157 sv.f. Lundedalsvej,A+B: KØRETØJER I ALT,21900,28700.0,25600.0,0.0184018264840182,0.0
49,2020,TUBORGVEJ 157 sv.f. Lundedalsvej,CYKLER + KNALLERTER I ALT,3494,4300.0,3600.0,0.0,0.0200343445907269
49,2021,TUBORGVEJ 157 sv.f. Lundedalsvej,A+B: KØRETØJER I ALT,21286,27900.0,24900.0,0.0262144132293526,0.0
49,2021,TUBORGVEJ 157 sv.f. Lundedalsvej,CYKLER + KNALLERTER I ALT,3286,4000.0,3400.0,0.0,0.0261716372489348
49,2022,TUBORGVEJ 157 sv.f. Lundedalsvej,A+B: KØRETØJER I ALT,21470,28100.0,25100.0,0.0256171401956217,0.0
49,2022,TUBORGVEJ 157 sv.f. Lundedalsvej,CYKLER + KNALLERTER I ALT,3385,4100.0,3500.0,0.0,0.0395864106351551
49,2023,TUBORGVEJ 157 sv.f. Lundedalsvej,A+B: KØRETØJER I ALT,22646,29700.0,26500.0,0.0242426918661132,0.0
49,2023,TUBORGVEJ 157 sv.f. Lundedalsvej,CYKLER + KNALLERTER I ALT,2512,3100.0,2600.0,0.0,0.0421974522292993
55,2013,VIGERSLEV ALLÉ sv.f. Vigerslevvej,A+B: KØRETØJER I ALT,5475,7200.0,6400.0,0.07324200913242,0.0
55,2013,VIGERSLEV ALLÉ sv.f. Vigerslevvej,CYKLER + KNALLERTER I ALT,1473,1800.0,1500.0,0.0,0.0067888662593346
55,2014,VIGERSLEV ALLÉ sv.f. Vigerslevvej,A+B: KØRETØJER I ALT,4343,5700.0,5100.0,0.0902601888095786,0.0
55,2014,VIGERSLEV ALLÉ sv.f. Vigerslevvej,CYKLER + KNALLERTER I ALT,1747,2100.0,1800.0,0.0,0.0080137378362907
55,2015,VIGERSLEV ALLÉ sv.f. Vigerslevvej,A+B: KØRETØJER I ALT,626,800.0,700.0,0.0958466453674121,0.0
55,2015,VIGERSLEV ALLÉ sv.f. Vigerslevvej,CYKLER + KNALLERTER I ALT,1421,1700.0,1500.0,0.0,0.0105559465165376
55,2016,VIGERSLEV ALLÉ sv.f. Vigerslevvej,A+B: KØRETØJER I ALT,624,800.0,700.0,0.1169871794871794,0.0
55,2016,VIGERSLEV ALLÉ sv.f. Vigerslevvej,CYKLER + KNALLERTER I ALT,942,1100.0,1000.0,0.0,0.0180467091295116
55,2017,VIGERSLEV ALLÉ sv.f. Vigerslevvej,A+B: KØRETØJER I ALT,4445,5800.0,5200.0,0.1032620922384701,0.0
55,2017,VIGERSLEV ALLÉ sv.f. Vigerslevvej,CYKLER + KNALLERTER I ALT,1316,1600.0,1400.0,0.0,0.0167173252279635
55,2018,VIGERSLEV ALLÉ sv.f. Vigerslevvej,A+B: KØRETØJER I ALT,4076,5300.0,4800.0,0.0905299313052011,0.0
55,2018,VIGERSLEV ALLÉ sv.f. Vigerslevvej,CYKLER + KNALLERTER I ALT,2396,2900.0,2500.0,0.0,0.0175292153589315
55,2019,VIGERSLEV ALLÉ sv.f. Vigerslevvej,A+B: KØRETØJER I ALT,5477,7200.0,6400.0,0.073032682125251,0.0
55,2019,VIGERSLEV ALLÉ sv.f. Vigerslevvej,CYKLER + KNALLERTER I ALT,1780,2200.0,1800.0,0.0,0.0078651685393258
55,2020,VIGERSLEV ALLÉ sv.f. Vigerslevvej,A+B: KØRETØJER I ALT,4336,5700.0,5100.0,0.0668819188191881,0.0
55,2020,VIGERSLEV ALLÉ sv.f. Vigerslevvej,CYKLER + KNALLERTER I ALT,2521,3100.0,2600.0,0.0,0.0158667195557318
55,2021,VIGERSLEV ALLÉ sv.f. Vigerslevvej,A+B: KØRETØJER I ALT,4838,6300.0,5700.0,0.0603555188094253,0.0
55,2021,VIGERSLEV ALLÉ sv.f. Vigerslevvej,CYKLER + KNALLERTER I ALT,2251,2700.0,2300.0,0.0,0.020435362061306
55,2022,VIGERSLEV ALLÉ sv.f. Vigerslevvej,A+B: KØRETØJER I ALT,4309,5600.0,5000.0,0.0932931074495242,0.0
55,2022,VIGERSLEV ALLÉ sv.f. Vigerslevvej,CYKLER + KNALLERTER I ALT,2389,2900.0,2500.0,0.0,0.0200920887400586
55,2023,VIGERSLEV ALLÉ sv.f. Vigerslevvej,A+B: KØRETØJER I ALT,4255,5600.0,5000.0,0.0843713278495887,0.0
55,2023,VIGERSLEV ALLÉ sv.f. Vigerslevvej,CYKLER + KNALLERTER I ALT,2156,2600.0,2200.0,0.0,0.0292207792207792
62,2013,AMAGERBROGADE 289 s.f. Adriansvej,A+B: KØRETØJER I ALT,9536,12500.0,11200.0,0.0447776845637583,0.0
62,2013,AMAGERBROGADE 289 s.f. Adriansvej,CYKLER + KNALLERTER I ALT,3040,3700.0,3100.0,0.0,0.0157894736842105
62,2014,AMAGERBROGADE 289 s.f. Adriansvej,A+B: KØRETØJER I ALT,9362,12300.0,11000.0,0.0451826532792138,0.0
62,2014,AMAGERBROGADE 289 s.f. Adriansvej,CYKLER + KNALLERTER I ALT,3918,4800.0,4000.0,0.0,0.0148034711587544
62,2015,AMAGERBROGADE 289 s.f. Adriansvej,A+B: KØRETØJER I ALT,9591,12600.0,11200.0,0.0470232509644458,0.0
62,2015,AMAGERBROGADE 289 s.f. Adriansvej,CYKLER + KNALLERTER I ALT,3062,3700.0,3200.0,0.0,0.0179621162638798
62,2016,AMAGERBROGADE 289 s.f. Adriansvej,A+B: KØRETØJER I ALT,9960,13000.0,11700.0,0.043574297188755,0.0
62,2016,AMAGERBROGADE 289 s.f. Adriansvej,CYKLER + KNALLERTER I ALT,3390,4100.0,3500.0,0.0,0.0200589970501474
62,2017,AMAGERBROGADE 289 s.f. Adriansvej,A+B: KØRETØJER I ALT,9261,12100.0,10800.0,0.046971169420149,0.0
62,2017,AMAGERBROGADE 289 s.f. Adriansvej,CYKLER + KNALLERTER I ALT,3497,4300.0,3600.0,0.0,0.0243065484701172
62,2018,AMAGERBROGADE 289 s.f. Adriansvej,A+B: KØRETØJER I ALT,7988,10500.0,9300.0,0.0519529293940911,0.0
62,2018,AMAGERBROGADE 289 s.f. Adriansvej,CYKLER + KNALLERTER I ALT,3742,4600.0,3900.0,0.0,0.0411544628540887
62,2019,AMAGERBROGADE 289 s.f. Adriansvej,A+B: KØRETØJER I ALT,8275,10800.0,9700.0,0.0485800604229607,0.0
62,2019,AMAGERBROGADE 289 s.f. Adriansvej,CYKLER + KNALLERTER I ALT,2767,3400.0,2900.0,0.0,0.0325262016624503
62,2020,AMAGERBROGADE 289 s.f. Adriansvej,A+B: KØRETØJER I ALT,8505,11100.0,10000.0,0.0455026455026455,0.0
62,2020,AMAGERBROGADE 289 s.f. Adriansvej,CYKLER + KNALLERTER I ALT,3772,4600.0,3900.0,0.0,0.0519618239660657
62,2021,AMAGERBROGADE 289 s.f. Adriansvej,A+B: KØRETØJER I ALT,9063,11900.0,10600.0,0.0451285446320203,0.0
62,2021,AMAGERBROGADE 289 s.f. Adriansvej,CYKLER + KNALLERTER I ALT,2568,3100.0,2600.0,0.0,0.0498442367601246
62,2022,AMAGERBROGADE 289 s.f. Adriansvej,A+B: KØRETØJER I ALT,8954,11700.0,10500.0,0.0450078177350904,0.0
62,2022,AMAGERBROGADE 289 s.f. Adriansvej,CYKLER + KNALLERTER I ALT,3328,4100.0,3400.0,0.0,0.0462740384615384
62,2023,AMAGERBROGADE 289 s.f. Adriansvej,A+B: KØRETØJER I ALT,9844,12900.0,11500.0,0.0457131247460382,0.0
62,2023,AMAGERBROGADE 289 s.f. Adriansvej,CYKLER + KNALLERTER I ALT,3604,4400.0,3700.0,0.0,0.0535516093229744
63,2013,AMAGER STRANDVEJ s.f. Hedegårdsvej,A+B: KØRETØJER I ALT,10111,13200.0,11800.0,0.0710117693601028,0.0
63,2013,AMAGER STRANDVEJ s.f. Hedegårdsvej,CYKLER + KNALLERTER I ALT,412,500.0,400.0,0.0,0.0169902912621359
63,2014,AMAGER STRANDVEJ s.f. Hedegårdsvej,A+B: KØRETØJER I ALT,11572,15200.0,13500.0,0.0803664016591773,0.0
63,2014,AMAGER STRANDVEJ s.f. Hedegårdsvej,CYKLER + KNALLERTER I ALT,1032,1300.0,1100.0,0.0,0.0125968992248062
63,2015,AMAGER STRANDVEJ s.f. Hedegårdsvej,A+B: KØRETØJER I ALT,9965,13100.0,11700.0,0.096236828901154,0.0
63,2015,AMAGER STRANDVEJ s.f. Hedegårdsvej,CYKLER + KNALLERTER I ALT,371,500.0,400.0,0.0,0.0269541778975741
63,2016,AMAGER STRANDVEJ s.f. Hedegårdsvej,A+B: KØRETØJER I ALT,12071,15800.0,14100.0,0.0769613122359373,0.0
63,2016,AMAGER STRANDVEJ s.f. Hedegårdsvej,CYKLER + KNALLERTER I ALT,498,600.0,500.0,0.0,0.0080321285140562
63,2017,AMAGER STRANDVEJ s.f. Hedegårdsvej,A+B: KØRETØJER I ALT,12008,15700.0,14000.0,0.0741172551632245,0.0
63,2017,AMAGER STRANDVEJ s.f. Hedegårdsvej,CYKLER + KNALLERTER I ALT,1122,1400.0,1200.0,0.0,0.016934046345811
63,2018,AMAGER STRANDVEJ s.f. Hedegårdsvej,A+B: KØRETØJER I ALT,12935,16900.0,15100.0,0.0759953614224971,0.0
63,2018,AMAGER STRANDVEJ s.f. Hedegårdsvej,CYKLER + KNALLERTER I ALT,1324,1600.0,1400.0,0.0,0.0354984894259818
63,2019,AMAGER STRANDVEJ s.f. Hedegårdsvej,A+B: KØRETØJER I ALT,11959,15700.0,14000.0,0.0821975081528555,0.0
63,2019,AMAGER STRANDVEJ s.f. Hedegårdsvej,CYKLER + KNALLERTER I ALT,470,600.0,500.0,0.0,0.025531914893617
63,2020,AMAGER STRANDVEJ s.f. Hedegårdsvej,A+B: KØRETØJER I ALT,12177,16000.0,14200.0,0.0878705756754537,0.0
63,2020,AMAGER STRANDVEJ s.f. Hedegårdsvej,CYKLER + KNALLERTER I ALT,1670,2000.0,1700.0,0.0,0.0383233532934131
63,2021,AMAGER STRANDVEJ s.f. Hedegårdsvej,A+B: KØRETØJER I ALT,11174,14600.0,13100.0,0.09414712725971,0.0
63,2021,AMAGER STRANDVEJ s.f. Hedegårdsvej,CYKLER + KNALLERTER I ALT,412,500.0,400.0,0.0,0.0655339805825242
63,2022,AMAGER STRANDVEJ s.f. Hedegårdsvej,A+B: KØRETØJER I ALT,11942,15600.0,14000.0,0.0695863339474125,0.0
63,2022,AMAGER STRANDVEJ s.f. Hedegårdsvej,CYKLER + KNALLERTER I ALT,915,1100.0,900.0,0.0,0.0415300546448087
63,2023,AMAGER STRANDVEJ s.f. Hedegårdsvej,A+B: KØRETØJER I ALT,11764,15400.0,13800.0,0.0700442026521591,0.0
63,2023,AMAGER STRANDVEJ s.f. Hedegårdsvej,CYKLER + KNALLERTER I ALT,972,1200.0,1000.0,0.0,0.0555555555555555
70,2013,GRØNNEMOSE ALLÉ 34 v.f. Moseskellet,A+B: KØRETØJER I ALT,1578,2100.0,1800.0,0.0038022813688212,0.0
70,2013,GRØNNEMOSE ALLÉ 34 v.f. Moseskellet,CYKLER + KNALLERTER I ALT,1162,1400.0,1200.0,0.0,0.0
70,2014,GRØNNEMOSE ALLÉ 34 v.f. Moseskellet,A+B: KØRETØJER I ALT,1574,2100.0,1800.0,0.0076238881829733,0.0
70,2014,GRØNNEMOSE ALLÉ 34 v.f. Moseskellet,CYKLER + KNALLERTER I ALT,849,1000.0,900.0,0.0,0.0
70,2015,GRØNNEMOSE ALLÉ 34 v.f. Moseskellet,A+B: KØRETØJER I ALT,1600,2100.0,1900.0,0.00625,0.0
70,2015,GRØNNEMOSE ALLÉ 34 v.f. Moseskellet,CYKLER + KNALLERTER I ALT,1331,1600.0,1400.0,0.0,0.0
70,2016,GRØNNEMOSE ALLÉ 34 v.f. Moseskellet,A+B: KØRETØJER I ALT,1974,2600.0,2300.0,0.0081053698074974,0.0
70,2016,GRØNNEMOSE ALLÉ 34 v.f. Moseskellet,CYKLER + KNALLERTER I ALT,845,1000.0,900.0,0.0,0.0
70,2017,GRØNNEMOSE ALLÉ 34 v.f. Moseskellet,A+B: KØRETØJER I ALT,2094,2700.0,2400.0,0.0066857688634192,0.0
70,2017,GRØNNEMOSE ALLÉ 34 v.f. Moseskellet,CYKLER + KNALLERTER I ALT,1613,2000.0,1700.0,0.0,0.0
70,2018,GRØNNEMOSE ALLÉ 34 v.f. Moseskellet,A+B: KØRETØJER I ALT,2047,2700.0,2400.0,0.0053737176355642,0.0
70,2018,GRØNNEMOSE ALLÉ 34 v.f. Moseskellet,CYKLER + KNALLERTER I ALT,1638,2000.0,1700.0,0.0,0.0
70,2019,GRØNNEMOSE ALLÉ 34 v.f. Moseskellet,A+B: KØRETØJER I ALT,2440,3200.0,2900.0,0.006967213114754,0.0
70,2019,GRØNNEMOSE ALLÉ 34 v.f. Moseskellet,CYKLER + KNALLERTER I ALT,1556,1900.0,1600.0,0.0,0.0
70,2020,GRØNNEMOSE ALLÉ 34 v.f. Moseskellet,A+B: KØRETØJER I ALT,1967,2600.0,2300.0,0.005592272496187,0.0
70,2020,GRØNNEMOSE ALLÉ 34 v.f. Moseskellet,CYKLER + KNALLERTER I ALT,1413,1700.0,1500.0,0.0,0.0
70,2021,GRØNNEMOSE ALLÉ 34 v.f. Moseskellet,A+B: KØRETØJER I ALT,1883,2500.0,2200.0,0.0042485395645246,0.0
70,2021,GRØNNEMOSE ALLÉ 34 v.f. Moseskellet,CYKLER + KNALLERTER I ALT,1417,1700.0,1500.0,0.0,0.0
70,2022,GRØNNEMOSE ALLÉ 34 v.f. Moseskellet,A+B: KØRETØJER I ALT,1682,2200.0,2000.0,0.0047562425683709,0.0
70,2022,GRØNNEMOSE ALLÉ 34 v.f. Moseskellet,CYKLER + KNALLERTER I ALT,1683,2100.0,1700.0,0.0,0.0
70,2023,GRØNNEMOSE ALLÉ 34 v.f. Moseskellet,A+B: KØRETØJER I ALT,1765,2300.0,2100.0,0.0028328611898017,0.0
70,2023,GRØNNEMOSE ALLÉ 34 v.f. Moseskellet,CYKLER + KNALLERTER I ALT,1861,2300.0,1900.0,0.0,0.0
71,2013,Horsebakken n.f. Mosesvinget ,A+B: KØRETØJER I ALT,2370,3100.0,2800.0,0.0295358649789029,0.0
71,2014,Horsebakken n.f. Mosesvinget ,A+B: KØRETØJER I ALT,2390,3100.0,2800.0,0.0263598326359832,0.0
71,2014,Horsebakken n.f. Mosesvinget ,CYKLER + KNALLERTER I ALT,736,900.0,800.0,0.0,0.0
71,2015,Horsebakken n.f. Mosesvinget ,A+B: KØRETØJER I ALT,2312,3000.0,2700.0,0.0272491349480968,0.0
71,2015,Horsebakken n.f. Mosesvinget ,CYKLER + KNALLERTER I ALT,863,1100.0,900.0,0.0,0.0
71,2016,Horsebakken n.f. Mosesvinget ,A+B: KØRETØJER I ALT,2609,3400.0,3100.0,0.0291299348409352,0.0
71,2016,Horsebakken n.f. Mosesvinget ,CYKLER + KNALLERTER I ALT,849,1000.0,900.0,0.0,0.0
71,2017,Horsebakken n.f. Mosesvinget ,A+B: KØRETØJER I ALT,2784,3600.0,3300.0,0.0229885057471264,0.0
71,2017,Horsebakken n.f. Mosesvinget ,CYKLER + KNALLERTER I ALT,1404,1700.0,1400.0,0.0,0.0
71,2018,Horsebakken n.f. Mosesvinget ,A+B: KØRETØJER I ALT,2656,3500.0,3100.0,0.0225903614457831,0.0
71,2018,Horsebakken n.f. Mosesvinget ,CYKLER + KNALLERTER I ALT,1350,1600.0,1400.0,0.0,0.0
71,2019,Horsebakken n.f. Mosesvinget ,A+B: KØRETØJER I ALT,2834,3700.0,3300.0,0.0225829216654904,0.0
71,2019,Horsebakken n.f. Mosesvinget ,CYKLER + KNALLERTER I ALT,1501,1800.0,1500.0,0.0,0.0
71,2020,Horsebakken n.f. Mosesvinget ,A+B: KØRETØJER I ALT,2578,3400.0,3000.0,0.0256012412723041,0.0
71,2020,Horsebakken n.f. Mosesvinget ,CYKLER + KNALLERTER I ALT,1510,1800.0,1600.0,0.0,0.0
71,2021,Horsebakken n.f. Mosesvinget ,A+B: KØRETØJER I ALT,2557,3300.0,3000.0,0.027375831052014,0.0
71,2021,Horsebakken n.f. Mosesvinget ,CYKLER + KNALLERTER I ALT,1372,1700.0,1400.0,0.0,0.0
71,2022,Horsebakken n.f. Mosesvinget ,A+B: KØRETØJER I ALT,2398,3100.0,2800.0,0.0375312760633861,0.0
71,2022,Horsebakken n.f. Mosesvinget ,CYKLER + KNALLERTER I ALT,1360,1700.0,1400.0,0.0,0.0
71,2023,Horsebakken n.f. Mosesvinget ,A+B: KØRETØJER I ALT,2249,2900.0,2600.0,0.0297910182303245,0.0
71,2023,Horsebakken n.f. Mosesvinget ,CYKLER + KNALLERTER I ALT,1295,1600.0,1300.0,0.0,0.0
73,2013,ISLEVHUSVEJ 83 nø.f. Islevholm,A+B: KØRETØJER I ALT,8851,11600.0,10400.0,0.0500508417128008,0.0
73,2013,ISLEVHUSVEJ 83 nø.f. Islevholm,CYKLER + KNALLERTER I ALT,1266,1500.0,1300.0,0.0,0.0055292259083728
73,2014,ISLEVHUSVEJ 83 nø.f. Islevholm,A+B: KØRETØJER I ALT,8545,11200.0,10000.0,0.0512580456407255,0.0
73,2014,ISLEVHUSVEJ 83 nø.f. Islevholm,CYKLER + KNALLERTER I ALT,1375,1700.0,1400.0,0.0,0.0058181818181818
73,2016,ISLEVHUSVEJ 83 nø.f. Islevholm,A+B: KØRETØJER I ALT,8291,10900.0,9700.0,0.0480038596068025,0.0
73,2016,ISLEVHUSVEJ 83 nø.f. Islevholm,CYKLER + KNALLERTER I ALT,1367,1700.0,1400.0,0.0,0.0073152889539136
73,2017,ISLEVHUSVEJ 83 nø.f. Islevholm,A+B: KØRETØJER I ALT,9718,12700.0,11400.0,0.0414694381559991,0.0
73,2017,ISLEVHUSVEJ 83 nø.f. Islevholm,CYKLER + KNALLERTER I ALT,918,1100.0,900.0,0.0,0.0098039215686274
73,2018,ISLEVHUSVEJ 83 nø.f. Islevholm,A+B: KØRETØJER I ALT,9246,12100.0,10800.0,0.0435864157473502,0.0
73,2018,ISLEVHUSVEJ 83 nø.f. Islevholm,CYKLER + KNALLERTER I ALT,1458,1800.0,1500.0,0.0,0.017832647462277
73,2019,ISLEVHUSVEJ 83 nø.f. Islevholm,A+B: KØRETØJER I ALT,8584,11200.0,10000.0,0.0445013979496738,0.0
73,2019,ISLEVHUSVEJ 83 nø.f. Islevholm,CYKLER + KNALLERTER I ALT,720,900.0,700.0,0.0,0.0152777777777777
73,2020,ISLEVHUSVEJ 83 nø.f. Islevholm,A+B: KØRETØJER I ALT,8693,11400.0,10200.0,0.044748648337743,0.0
73,2020,ISLEVHUSVEJ 83 nø.f. Islevholm,CYKLER + KNALLERTER I ALT,1065,1300.0,1100.0,0.0,0.0206572769953051
73,2021,ISLEVHUSVEJ 83 nø.f. Islevholm,A+B: KØRETØJER I ALT,9482,12400.0,11100.0,0.0421851929972579,0.0
73,2021,ISLEVHUSVEJ 83 nø.f. Islevholm,CYKLER + KNALLERTER I ALT,1227,1500.0,1300.0,0.0,0.0220048899755501
73,2022,ISLEVHUSVEJ 83 nø.f. Islevholm,A+B: KØRETØJER I ALT,9250,12100.0,10800.0,0.0388108108108108,0.0
73,2022,ISLEVHUSVEJ 83 nø.f. Islevholm,CYKLER + KNALLERTER I ALT,1102,1300.0,1100.0,0.0,0.0317604355716878
73,2023,ISLEVHUSVEJ 83 nø.f. Islevholm,A+B: KØRETØJER I ALT,10787,14100.0,12600.0,0.0425512190599796,0.0
73,2023,ISLEVHUSVEJ 83 nø.f. Islevholm,CYKLER + KNALLERTER I ALT,1311,1600.0,1400.0,0.0,0.0335621662852784
74,2013,KASTRUPVEJ 203 s.f. Backersvej,A+B: KØRETØJER I ALT,6730,8800.0,7900.0,0.0307578008915304,0.0
74,2013,KASTRUPVEJ 203 s.f. Backersvej,CYKLER + KNALLERTER I ALT,1443,1800.0,1500.0,0.0,0.0159390159390159
74,2014,KASTRUPVEJ 203 s.f. Backersvej,A+B: KØRETØJER I ALT,6450,8400.0,7500.0,0.0330232558139534,0.0
74,2014,KASTRUPVEJ 203 s.f. Backersvej,CYKLER + KNALLERTER I ALT,1948,2400.0,2000.0,0.0,0.0179671457905544
74,2015,KASTRUPVEJ 203 s.f. Backersvej,A+B: KØRETØJER I ALT,7201,9400.0,8400.0,0.0313845299263991,0.0
74,2015,KASTRUPVEJ 203 s.f. Backersvej,CYKLER + KNALLERTER I ALT,1473,1800.0,1500.0,0.0,0.0190088255261371
74,2016,KASTRUPVEJ 203 s.f. Backersvej,A+B: KØRETØJER I ALT,7502,9800.0,8800.0,0.0311916822180751,0.0
74,2016,KASTRUPVEJ 203 s.f. Backersvej,CYKLER + KNALLERTER I ALT,1585,1900.0,1600.0,0.0,0.0176656151419558
74,2017,KASTRUPVEJ 203 s.f. Backersvej,A+B: KØRETØJER I ALT,7728,10100.0,9000.0,0.0296325051759834,0.0
74,2017,KASTRUPVEJ 203 s.f. Backersvej,CYKLER + KNALLERTER I ALT,1530,1900.0,1600.0,0.0,0.0294117647058823
74,2018,KASTRUPVEJ 203 s.f. Backersvej,A+B: KØRETØJER I ALT,9106,11900.0,10700.0,0.0285526026795519,0.0
74,2018,KASTRUPVEJ 203 s.f. Backersvej,CYKLER + KNALLERTER I ALT,2218,2700.0,2300.0,0.0,0.0342651036970243
74,2019,KASTRUPVEJ 203 s.f. Backersvej,A+B: KØRETØJER I ALT,8019,10500.0,9400.0,0.0278089537348796,0.0
74,2019,KASTRUPVEJ 203 s.f. Backersvej,CYKLER + KNALLERTER I ALT,1487,1800.0,1500.0,0.0,0.0356422326832548
74,2020,KASTRUPVEJ 203 s.f. Backersvej,A+B: KØRETØJER I ALT,7771,10200.0,9100.0,0.0256080298545875,0.0
74,2020,KASTRUPVEJ 203 s.f. Backersvej,CYKLER + KNALLERTER I ALT,1986,2400.0,2000.0,0.0,0.0438066465256797
74,2021,KASTRUPVEJ 203 s.f. Backersvej,A+B: KØRETØJER I ALT,8451,11100.0,9900.0,0.0222458880605845,0.0
74,2021,KASTRUPVEJ 203 s.f. Backersvej,CYKLER + KNALLERTER I ALT,1335,1600.0,1400.0,0.0,0.0681647940074906
74,2022,KASTRUPVEJ 203 s.f. Backersvej,A+B: KØRETØJER I ALT,6615,8700.0,7700.0,0.0270597127739984,0.0
74,2022,KASTRUPVEJ 203 s.f. Backersvej,CYKLER + KNALLERTER I ALT,1793,2200.0,1800.0,0.0,0.0390407138873396
74,2023,KASTRUPVEJ 203 s.f. Backersvej,A+B: KØRETØJER I ALT,5482,7200.0,6400.0,0.030098504195549,0.0
74,2023,KASTRUPVEJ 203 s.f. Backersvej,CYKLER + KNALLERTER I ALT,1582,1900.0,1600.0,0.0,0.0726927939317319
75,2013,KONGELUNDSVEJ n.f. Floridavej,A+B: KØRETØJER I ALT,6327,8300.0,7400.0,0.0428323059902007,0.0
75,2013,KONGELUNDSVEJ n.f. Floridavej,CYKLER + KNALLERTER I ALT,1195,1500.0,1200.0,0.0,0.0251046025104602
75,2014,KONGELUNDSVEJ n.f. Floridavej,A+B: KØRETØJER I ALT,7317,9600.0,8600.0,0.038950389503895,0.0
75,2014,KONGELUNDSVEJ n.f. Floridavej,CYKLER + KNALLERTER I ALT,1783,2200.0,1800.0,0.0,0.0336511497476163
75,2015,KONGELUNDSVEJ n.f. Floridavej,A+B: KØRETØJER I ALT,7559,9900.0,8800.0,0.0332054504564095,0.0
75,2015,KONGELUNDSVEJ n.f. Floridavej,CYKLER + KNALLERTER I ALT,1743,2100.0,1800.0,0.0,0.0292598967297762
75,2016,KONGELUNDSVEJ n.f. Floridavej,A+B: KØRETØJER I ALT,8752,11500.0,10200.0,0.0306215722120658,0.0
75,2016,KONGELUNDSVEJ n.f. Floridavej,CYKLER + KNALLERTER I ALT,1853,2300.0,1900.0,0.0,0.0512682137075013
75,2017,KONGELUNDSVEJ n.f. Floridavej,A+B: KØRETØJER I ALT,7890,10300.0,9200.0,0.0333333333333333,0.0
75,2017,KONGELUNDSVEJ n.f. Floridavej,CYKLER + KNALLERTER I ALT,1865,2300.0,1900.0,0.0,0.046112600536193
75,2018,KONGELUNDSVEJ n.f. Floridavej,A+B: KØRETØJER I ALT,8297,10900.0,9700.0,0.037483427744968,0.0
75,2018,KONGELUNDSVEJ n.f. Floridavej,CYKLER + KNALLERTER I ALT,2111,2600.0,2200.0,0.0,0.0800568450971103
75,2019,KONGELUNDSVEJ n.f. Floridavej,A+B: KØRETØJER I ALT,8539,11200.0,10000.0,0.0311511886637779,0.0
75,2019,KONGELUNDSVEJ n.f. Floridavej,CYKLER + KNALLERTER I ALT,1732,2100.0,1800.0,0.0,0.0525404157043879
75,2020,KONGELUNDSVEJ n.f. Floridavej,A+B: KØRETØJER I ALT,7780,10200.0,9100.0,0.0299485861182519,0.0
75,2020,KONGELUNDSVEJ n.f. Floridavej,CYKLER + KNALLERTER I ALT,2481,3000.0,2600.0,0.0,0.0624748085449415
75,2021,KONGELUNDSVEJ n.f. Floridavej,A+B: KØRETØJER I ALT,7949,10400.0,9300.0,0.0269216253616807,0.0
75,2021,KONGELUNDSVEJ n.f. Floridavej,CYKLER + KNALLERTER I ALT,1300,1600.0,1300.0,0.0,0.09
75,2022,KONGELUNDSVEJ n.f. Floridavej,A+B: KØRETØJER I ALT,7452,9800.0,8700.0,0.0351583467525496,0.0
75,2022,KONGELUNDSVEJ n.f. Floridavej,CYKLER + KNALLERTER I ALT,1916,2300.0,2000.0,0.0,0.104384133611691
75,2023,KONGELUNDSVEJ n.f. Floridavej,A+B: KØRETØJER I ALT,8252,10800.0,9700.0,0.0295685894328647,0.0
75,2023,KONGELUNDSVEJ n.f. Floridavej,CYKLER + KNALLERTER I ALT,2105,2600.0,2200.0,0.0,0.0888361045130641
78,2013,MØRKHØJVEJ 2 n.f Frederikssundsvej ,A+B: KØRETØJER I ALT,7792,10200.0,9100.0,0.0422227926078028,0.0
78,2013,MØRKHØJVEJ 2 n.f Frederikssundsvej ,CYKLER + KNALLERTER I ALT,3042,3700.0,3100.0,0.0,0.0088757396449704
78,2014,MØRKHØJVEJ 2 n.f Frederikssundsvej ,A+B: KØRETØJER I ALT,7894,10300.0,9200.0,0.0404104383075753,0.0
78,2014,MØRKHØJVEJ 2 n.f Frederikssundsvej ,CYKLER + KNALLERTER I ALT,2971,3600.0,3100.0,0.0,0.02019522046449
78,2015,MØRKHØJVEJ 2 n.f Frederikssundsvej ,A+B: KØRETØJER I ALT,7404,9700.0,8700.0,0.0436250675310642,0.0
78,2015,MØRKHØJVEJ 2 n.f Frederikssundsvej ,CYKLER + KNALLERTER I ALT,2694,3300.0,2800.0,0.0,0.0063103192279138
78,2016,MØRKHØJVEJ 2 n.f Frederikssundsvej ,A+B: KØRETØJER I ALT,7260,9500.0,8500.0,0.0458677685950413,0.0
78,2016,MØRKHØJVEJ 2 n.f Frederikssundsvej ,CYKLER + KNALLERTER I ALT,1720,2100.0,1800.0,0.0,0.0046511627906976
78,2017,MØRKHØJVEJ 2 n.f Frederikssundsvej ,A+B: KØRETØJER I ALT,7501,9800.0,8800.0,0.0407945607252366,0.0
78,2017,MØRKHØJVEJ 2 n.f Frederikssundsvej ,CYKLER + KNALLERTER I ALT,1975,2400.0,2000.0,0.0,0.0121518987341772
78,2018,MØRKHØJVEJ 2 n.f Frederikssundsvej ,A+B: KØRETØJER I ALT,7323,9600.0,8600.0,0.0409668168783285,0.0
78,2018,MØRKHØJVEJ 2 n.f Frederikssundsvej ,CYKLER + KNALLERTER I ALT,2734,3300.0,2800.0,0.0,0.0117044623262618
78,2019,MØRKHØJVEJ 2 n.f Frederikssundsvej ,A+B: KØRETØJER I ALT,7594,9900.0,8900.0,0.0352910192257045,0.0
78,2019,MØRKHØJVEJ 2 n.f Frederikssundsvej ,CYKLER + KNALLERTER I ALT,1906,2300.0,2000.0,0.0,0.0178384050367261
78,2020,MØRKHØJVEJ 2 n.f Frederikssundsvej ,A+B: KØRETØJER I ALT,7189,9400.0,8400.0,0.0382528863541521,0.0
78,2020,MØRKHØJVEJ 2 n.f Frederikssundsvej ,CYKLER + KNALLERTER I ALT,2871,3500.0,3000.0,0.0,0.0219435736677116
78,2021,MØRKHØJVEJ 2 n.f Frederikssundsvej ,A+B: KØRETØJER I ALT,7593,9900.0,8900.0,0.0392466745686816,0.0
78,2021,MØRKHØJVEJ 2 n.f Frederikssundsvej ,CYKLER + KNALLERTER I ALT,2154,2600.0,2200.0,0.0,0.0306406685236768
78,2022,MØRKHØJVEJ 2 n.f Frederikssundsvej ,A+B: KØRETØJER I ALT,7973,10400.0,9300.0,0.0413896902044399,0.0
78,2022,MØRKHØJVEJ 2 n.f Frederikssundsvej ,CYKLER + KNALLERTER I ALT,2570,3100.0,2600.0,0.0,0.0307392996108949
78,2023,MØRKHØJVEJ 2 n.f Frederikssundsvej ,A+B: KØRETØJER I ALT,7904,10400.0,9200.0,0.0379554655870445,0.0
78,2023,MØRKHØJVEJ 2 n.f Frederikssundsvej ,CYKLER + KNALLERTER I ALT,2485,3000.0,2600.0,0.0,0.0329979879275653
79,2013,RYGÅRDS ALLÉ 104 s.f. Lundeskovsvej,A+B: KØRETØJER I ALT,871,1100.0,1000.0,0.018369690011481,0.0
79,2014,RYGÅRDS ALLÉ 104 s.f. Lundeskovsvej,A+B: KØRETØJER I ALT,1173,1500.0,1400.0,0.0127877237851662,0.0
79,2014,RYGÅRDS ALLÉ 104 s.f. Lundeskovsvej,CYKLER + KNALLERTER I ALT,652,800.0,700.0,0.0,0.0
79,2015,RYGÅRDS ALLÉ 104 s.f. Lundeskovsvej,A+B: KØRETØJER I ALT,1022,1300.0,1200.0,0.0136986301369863,0.0
79,2015,RYGÅRDS ALLÉ 104 s.f. Lundeskovsvej,CYKLER + KNALLERTER I ALT,569,700.0,600.0,0.0,0.0
79,2016,RYGÅRDS ALLÉ 104 s.f. Lundeskovsvej,A+B: KØRETØJER I ALT,1217,1600.0,1400.0,0.0205423171733771,0.0
79,2016,RYGÅRDS ALLÉ 104 s.f. Lundeskovsvej,CYKLER + KNALLERTER I ALT,714,900.0,700.0,0.0,0.0
79,2017,RYGÅRDS ALLÉ 104 s.f. Lundeskovsvej,A+B: KØRETØJER I ALT,1258,1600.0,1500.0,0.0214626391096979,0.0
79,2017,RYGÅRDS ALLÉ 104 s.f. Lundeskovsvej,CYKLER + KNALLERTER I ALT,795,1000.0,800.0,0.0,0.0
79,2018,RYGÅRDS ALLÉ 104 s.f. Lundeskovsvej,A+B: KØRETØJER I ALT,987,1300.0,1200.0,0.0202634245187436,0.0
79,2018,RYGÅRDS ALLÉ 104 s.f. Lundeskovsvej,CYKLER + KNALLERTER I ALT,971,1200.0,1000.0,0.0,0.0
79,2019,RYGÅRDS ALLÉ 104 s.f. Lundeskovsvej,A+B: KØRETØJER I ALT,1042,1400.0,1200.0,0.0067178502879078,0.0
79,2019,RYGÅRDS ALLÉ 104 s.f. Lundeskovsvej,CYKLER + KNALLERTER I ALT,760,900.0,800.0,0.0,0.0
79,2020,RYGÅRDS ALLÉ 104 s.f. Lundeskovsvej,A+B: KØRETØJER I ALT,968,1300.0,1100.0,0.0134297520661157,0.0
79,2020,RYGÅRDS ALLÉ 104 s.f. Lundeskovsvej,CYKLER + KNALLERTER I ALT,768,900.0,800.0,0.0,0.0
79,2021,RYGÅRDS ALLÉ 104 s.f. Lundeskovsvej,A+B: KØRETØJER I ALT,1093,1400.0,1300.0,0.010978956999085,0.0
79,2021,RYGÅRDS ALLÉ 104 s.f. Lundeskovsvej,CYKLER + KNALLERTER I ALT,868,1100.0,900.0,0.0,0.0
79,2022,RYGÅRDS ALLÉ 104 s.f. Lundeskovsvej,A+B: KØRETØJER I ALT,991,1300.0,1200.0,0.0211907164480322,0.0
79,2022,RYGÅRDS ALLÉ 104 s.f. Lundeskovsvej,CYKLER + KNALLERTER I ALT,839,1000.0,900.0,0.0,0.0
79,2023,RYGÅRDS ALLÉ 104 s.f. Lundeskovsvej,A+B: KØRETØJER I ALT,916,1200.0,1100.0,0.0131004366812227,0.0
79,2023,RYGÅRDS ALLÉ 104 s.f. Lundeskovsvej,CYKLER + KNALLERTER I ALT,723,900.0,700.0,0.0,0.0
80,2013,RYVANGS ALLE 77 s.f. Callisensvej ,A+B: KØRETØJER I ALT,4520,5900.0,5300.0,0.0059734513274336,0.0
80,2014,RYVANGS ALLE 77 s.f. Callisensvej ,A+B: KØRETØJER I ALT,2092,2700.0,2400.0,0.0095602294455066,0.0
80,2014,RYVANGS ALLE 77 s.f. Callisensvej ,CYKLER + KNALLERTER I ALT,1693,2100.0,1700.0,0.0,0.0
80,2015,RYVANGS ALLE 77 s.f. Callisensvej ,A+B: KØRETØJER I ALT,4776,6300.0,5600.0,0.0081658291457286,0.0
80,2015,RYVANGS ALLE 77 s.f. Callisensvej ,CYKLER + KNALLERTER I ALT,2301,2800.0,2400.0,0.0,0.0
80,2016,RYVANGS ALLE 77 s.f. Callisensvej ,A+B: KØRETØJER I ALT,6120,8000.0,7200.0,0.005718954248366,0.0
80,2016,RYVANGS ALLE 77 s.f. Callisensvej ,CYKLER + KNALLERTER I ALT,1895,2300.0,2000.0,0.0,0.0
80,2017,RYVANGS ALLE 77 s.f. Callisensvej ,A+B: KØRETØJER I ALT,6706,8800.0,7800.0,0.005666567253206,0.0
80,2017,RYVANGS ALLE 77 s.f. Callisensvej ,CYKLER + KNALLERTER I ALT,2389,2900.0,2500.0,0.0,0.0125575554625366
80,2018,RYVANGS ALLE 77 s.f. Callisensvej ,A+B: KØRETØJER I ALT,6180,8100.0,7200.0,0.0061488673139158,0.0
80,2018,RYVANGS ALLE 77 s.f. Callisensvej ,CYKLER + KNALLERTER I ALT,3392,4100.0,3500.0,0.0,0.0153301886792452
80,2019,RYVANGS ALLE 77 s.f. Callisensvej ,A+B: KØRETØJER I ALT,6119,8000.0,7200.0,0.0076809936264095,0.0
80,2019,RYVANGS ALLE 77 s.f. Callisensvej ,CYKLER + KNALLERTER I ALT,3158,3900.0,3300.0,0.0,0.0199493350221659
80,2020,RYVANGS ALLE 77 s.f. Callisensvej ,A+B: KØRETØJER I ALT,5971,7800.0,7000.0,0.0087087590018422,0.0
80,2020,RYVANGS ALLE 77 s.f. Callisensvej ,CYKLER + KNALLERTER I ALT,4099,5000.0,4200.0,0.0,0.0204928031227128
80,2021,RYVANGS ALLE 77 s.f. Callisensvej ,A+B: KØRETØJER I ALT,6294,8200.0,7400.0,0.0079440737210041,0.0
80,2021,RYVANGS ALLE 77 s.f. Callisensvej ,CYKLER + KNALLERTER I ALT,2860,3500.0,2900.0,0.0,0.037062937062937
80,2022,RYVANGS ALLE 77 s.f. Callisensvej ,A+B: KØRETØJER I ALT,5710,7500.0,6700.0,0.0117338003502626,0.0
80,2022,RYVANGS ALLE 77 s.f. Callisensvej ,CYKLER + KNALLERTER I ALT,2650,3200.0,2700.0,0.0,0.0316981132075471
80,2023,RYVANGS ALLE 77 s.f. Callisensvej ,A+B: KØRETØJER I ALT,4895,6400.0,5700.0,0.0083758937691521,0.0
80,2023,RYVANGS ALLE 77 s.f. Callisensvej ,CYKLER + KNALLERTER I ALT,2823,3400.0,2900.0,0.0,0.0549061282323769
82,2013,SVANEMØLLEVEJ s.f. Callisensvej,A+B: KØRETØJER I ALT,1556,2000.0,1800.0,0.0559125964010282,0.0
82,2014,SVANEMØLLEVEJ s.f. Callisensvej,A+B: KØRETØJER I ALT,1980,2600.0,2300.0,0.0171717171717171,0.0
82,2014,SVANEMØLLEVEJ s.f. Callisensvej,CYKLER + KNALLERTER I ALT,564,700.0,600.0,0.0,0.0
82,2015,SVANEMØLLEVEJ s.f. Callisensvej,A+B: KØRETØJER I ALT,1457,1900.0,1700.0,0.0150995195607412,0.0
82,2015,SVANEMØLLEVEJ s.f. Callisensvej,CYKLER + KNALLERTER I ALT,712,900.0,700.0,0.0,0.0
82,2016,SVANEMØLLEVEJ s.f. Callisensvej,A+B: KØRETØJER I ALT,1315,1700.0,1500.0,0.0182509505703422,0.0
82,2016,SVANEMØLLEVEJ s.f. Callisensvej,CYKLER + KNALLERTER I ALT,593,700.0,600.0,0.0,0.0
82,2017,SVANEMØLLEVEJ s.f. Callisensvej,A+B: KØRETØJER I ALT,1354,1800.0,1600.0,0.0147710487444608,0.0
82,2017,SVANEMØLLEVEJ s.f. Callisensvej,CYKLER + KNALLERTER I ALT,677,800.0,700.0,0.0,0.0
82,2018,SVANEMØLLEVEJ s.f. Callisensvej,A+B: KØRETØJER I ALT,1398,1800.0,1600.0,0.0143061516452074,0.0
82,2018,SVANEMØLLEVEJ s.f. Callisensvej,CYKLER + KNALLERTER I ALT,876,1100.0,900.0,0.0,0.0
82,2019,SVANEMØLLEVEJ s.f. Callisensvej,A+B: KØRETØJER I ALT,2041,2700.0,2400.0,0.0117589416952474,0.0
82,2019,SVANEMØLLEVEJ s.f. Callisensvej,CYKLER + KNALLERTER I ALT,686,800.0,700.0,0.0,0.0
82,2020,SVANEMØLLEVEJ s.f. Callisensvej,A+B: KØRETØJER I ALT,1312,1700.0,1500.0,0.0167682926829268,0.0
82,2020,SVANEMØLLEVEJ s.f. Callisensvej,CYKLER + KNALLERTER I ALT,1076,1300.0,1100.0,0.0,0.0
82,2021,SVANEMØLLEVEJ s.f. Callisensvej,A+B: KØRETØJER I ALT,1586,2100.0,1900.0,0.0157629255989911,0.0
82,2021,SVANEMØLLEVEJ s.f. Callisensvej,CYKLER + KNALLERTER I ALT,853,1000.0,900.0,0.0,0.0
82,2022,SVANEMØLLEVEJ s.f. Callisensvej,A+B: KØRETØJER I ALT,664,900.0,800.0,0.0180722891566265,0.0
82,2022,SVANEMØLLEVEJ s.f. Callisensvej,CYKLER + KNALLERTER I ALT,791,1000.0,800.0,0.0,0.0
82,2023,SVANEMØLLEVEJ s.f. Callisensvej,A+B: KØRETØJER I ALT,1057,1400.0,1200.0,0.0198675496688741,0.0
82,2023,SVANEMØLLEVEJ s.f. Callisensvej,CYKLER + KNALLERTER I ALT,695,800.0,700.0,0.0,0.0
194,2013,STRANDVEJEN 143 s.f. Callisensvej,A+B: KØRETØJER I ALT,16839,22100.0,19700.0,0.0466773561375378,0.0
194,2013,STRANDVEJEN 143 s.f. Callisensvej,CYKLER + KNALLERTER I ALT,4136,5000.0,4300.0,0.0,0.0164410058027079
194,2014,STRANDVEJEN 143 s.f. Callisensvej,A+B: KØRETØJER I ALT,18244,23900.0,21300.0,0.0447270335452751,0.0
194,2014,STRANDVEJEN 143 s.f. Callisensvej,CYKLER + KNALLERTER I ALT,4797,5900.0,4900.0,0.0,0.0154263081092349
194,2015,STRANDVEJEN 143 s.f. Callisensvej,A+B: KØRETØJER I ALT,16710,21900.0,19600.0,0.0466786355475763,0.0
194,2015,STRANDVEJEN 143 s.f. Callisensvej,CYKLER + KNALLERTER I ALT,5821,7100.0,6000.0,0.0,0.0132279677031437
194,2016,STRANDVEJEN 143 s.f. Callisensvej,A+B: KØRETØJER I ALT,15652,20500.0,18300.0,0.0491949910554561,0.0
194,2016,STRANDVEJEN 143 s.f. Callisensvej,CYKLER + KNALLERTER I ALT,3895,4800.0,4000.0,0.0,0.0210526315789473
194,2017,STRANDVEJEN 143 s.f. Callisensvej,A+B: KØRETØJER I ALT,15240,20000.0,17800.0,0.0509842519685039,0.0
194,2017,STRANDVEJEN 143 s.f. Callisensvej,CYKLER + KNALLERTER I ALT,4915,6000.0,5100.0,0.0,0.0246185147507629
194,2018,STRANDVEJEN 143 s.f. Callisensvej,A+B: KØRETØJER I ALT,15206,19900.0,17800.0,0.045508351966329,0.0
194,2018,STRANDVEJEN 143 s.f. Callisensvej,CYKLER + KNALLERTER I ALT,7679,9400.0,7900.0,0.0,0.0243521291834874
194,2019,STRANDVEJEN 143 s.f. Callisensvej,A+B: KØRETØJER I ALT,14675,19200.0,17200.0,0.0528109028960817,0.0
194,2019,STRANDVEJEN 143 s.f. Callisensvej,CYKLER + KNALLERTER I ALT,5797,7100.0,6000.0,0.0,0.025185440745213
194,2020,STRANDVEJEN 143 s.f. Callisensvej,A+B: KØRETØJER I ALT,13978,18300.0,16400.0,0.0496494491343539,0.0
194,2020,STRANDVEJEN 143 s.f. Callisensvej,CYKLER + KNALLERTER I ALT,6982,8500.0,7200.0,0.0,0.0312231452305929
194,2021,STRANDVEJEN 143 s.f. Callisensvej,A+B: KØRETØJER I ALT,13968,18300.0,16300.0,0.0490406643757159,0.0
194,2021,STRANDVEJEN 143 s.f. Callisensvej,CYKLER + KNALLERTER I ALT,5746,7000.0,5900.0,0.0,0.0332405151409676
194,2022,STRANDVEJEN 143 s.f. Callisensvej,A+B: KØRETØJER I ALT,13933,18300.0,16300.0,0.0514605612574463,0.0
194,2022,STRANDVEJEN 143 s.f. Callisensvej,CYKLER + KNALLERTER I ALT,5706,7000.0,5900.0,0.0,0.0399579390115667
194,2023,STRANDVEJEN 143 s.f. Callisensvej,A+B: KØRETØJER I ALT,14485,19000.0,16900.0,0.0473593372454263,0.0
194,2023,STRANDVEJEN 143 s.f. Callisensvej,CYKLER + KNALLERTER I ALT,6111,7500.0,6300.0,0.0,0.04860088365243
392,2013,LANDLYSTVEJ 31 v.f. Engdals Allé,A+B: KØRETØJER I ALT,3426,4500.0,4000.0,0.0163455925277291,0.0
392,2014,LANDLYSTVEJ 31 v.f. Engdals Allé,A+B: KØRETØJER I ALT,4276,5600.0,5000.0,0.0091206735266604,0.0
392,2014,LANDLYSTVEJ 31 v.f. Engdals Allé,CYKLER + KNALLERTER I ALT,1013,1200.0,1000.0,0.0,0.0
392,2015,LANDLYSTVEJ 31 v.f. Engdals Allé,A+B: KØRETØJER I ALT,5338,7000.0,6200.0,0.0114275009366804,0.0
392,2015,LANDLYSTVEJ 31 v.f. Engdals Allé,CYKLER + KNALLERTER I ALT,1242,1500.0,1300.0,0.0,0.0
392,2016,LANDLYSTVEJ 31 v.f. Engdals Allé,A+B: KØRETØJER I ALT,5356,7000.0,6300.0,0.0158700522778192,0.0
392,2016,LANDLYSTVEJ 31 v.f. Engdals Allé,CYKLER + KNALLERTER I ALT,916,1100.0,900.0,0.0,0.0
392,2017,LANDLYSTVEJ 31 v.f. Engdals Allé,A+B: KØRETØJER I ALT,4427,5800.0,5200.0,0.011746103456065,0.0
392,2017,LANDLYSTVEJ 31 v.f. Engdals Allé,CYKLER + KNALLERTER I ALT,1134,1400.0,1200.0,0.0,0.0
392,2018,LANDLYSTVEJ 31 v.f. Engdals Allé,A+B: KØRETØJER I ALT,4691,6100.0,5500.0,0.0100191856746962,0.0
392,2018,LANDLYSTVEJ 31 v.f. Engdals Allé,CYKLER + KNALLERTER I ALT,1429,1700.0,1500.0,0.0,0.0
392,2019,LANDLYSTVEJ 31 v.f. Engdals Allé,A+B: KØRETØJER I ALT,1252,1600.0,1500.0,0.0167731629392971,0.0
392,2019,LANDLYSTVEJ 31 v.f. Engdals Allé,CYKLER + KNALLERTER I ALT,992,1200.0,1000.0,0.0,0.0
392,2020,LANDLYSTVEJ 31 v.f. Engdals Allé,A+B: KØRETØJER I ALT,3287,4300.0,3800.0,0.0130818375418314,0.0
392,2020,LANDLYSTVEJ 31 v.f. Engdals Allé,CYKLER + KNALLERTER I ALT,865,1100.0,900.0,0.0,0.0
392,2021,LANDLYSTVEJ 31 v.f. Engdals Allé,A+B: KØRETØJER I ALT,3355,4400.0,3900.0,0.0098360655737704,0.0
392,2021,LANDLYSTVEJ 31 v.f. Engdals Allé,CYKLER + KNALLERTER I ALT,1267,1500.0,1300.0,0.0,0.0
392,2022,LANDLYSTVEJ 31 v.f. Engdals Allé,A+B: KØRETØJER I ALT,3827,5000.0,4500.0,0.0122811601776848,0.0
392,2022,LANDLYSTVEJ 31 v.f. Engdals Allé,CYKLER + KNALLERTER I ALT,1404,1700.0,1400.0,0.0,0.0
392,2023,LANDLYSTVEJ 31 v.f. Engdals Allé,A+B: KØRETØJER I ALT,4553,6000.0,5300.0,0.0107621348561388,0.0
392,2023,LANDLYSTVEJ 31 v.f. Engdals Allé,CYKLER + KNALLERTER I ALT,1416,1700.0,1500.0,0.0,0.0
487,2013,HOLBÆKMOTORVEJEN v.f. Sønderkær,A+B: KØRETØJER I ALT,42275,55400.0,49500.0,0.0305617977528089,0.0
487,2013,HOLBÆKMOTORVEJEN v.f. Sønderkær,CYKLER + KNALLERTER I ALT,0,0.0,0.0,0.0,0.0
487,2014,HOLBÆKMOTORVEJEN v.f. Sønderkær,A+B: KØRETØJER I ALT,41611,54500.0,48700.0,0.033644949652736,0.0
487,2014,HOLBÆKMOTORVEJEN v.f. Sønderkær,CYKLER + KNALLERTER I ALT,0,0.0,0.0,0.0,0.0
487,2015,HOLBÆKMOTORVEJEN v.f. Sønderkær,A+B: KØRETØJER I ALT,41561,54400.0,48600.0,0.0321936430788479,0.0
487,2015,HOLBÆKMOTORVEJEN v.f. Sønderkær,CYKLER + KNALLERTER I ALT,0,0.0,0.0,0.0,0.0
487,2016,HOLBÆKMOTORVEJEN v.f. Sønderkær,A+B: KØRETØJER I ALT,42291,55400.0,49500.0,0.035303019554988,0.0
487,2016,HOLBÆKMOTORVEJEN v.f. Sønderkær,CYKLER + KNALLERTER I ALT,0,0.0,0.0,0.0,0.0
487,2017,HOLBÆKMOTORVEJEN v.f. Sønderkær,A+B: KØRETØJER I ALT,40940,53600.0,47900.0,0.0325598436736687,0.0
487,2017,HOLBÆKMOTORVEJEN v.f. Sønderkær,CYKLER + KNALLERTER I ALT,0,0.0,0.0,0.0,0.0
487,2018,HOLBÆKMOTORVEJEN v.f. Sønderkær,A+B: KØRETØJER I ALT,44053,57700.0,51500.0,0.0351394910675776,0.0
487,2018,HOLBÆKMOTORVEJEN v.f. Sønderkær,CYKLER + KNALLERTER I ALT,0,0.0,0.0,0.0,0.0
487,2019,HOLBÆKMOTORVEJEN v.f. Sønderkær,A+B: KØRETØJER I ALT,43972,57600.0,51400.0,0.0390930592195033,0.0
487,2019,HOLBÆKMOTORVEJEN v.f. Sønderkær,CYKLER + KNALLERTER I ALT,0,0.0,0.0,0.0,0.0
487,2020,HOLBÆKMOTORVEJEN v.f. Sønderkær,A+B: KØRETØJER I ALT,43362,56800.0,50700.0,0.0277201236105345,0.0
487,2020,HOLBÆKMOTORVEJEN v.f. Sønderkær,CYKLER + KNALLERTER I ALT,0,0.0,0.0,0.0,0.0
487,2021,HOLBÆKMOTORVEJEN v.f. Sønderkær,A+B: KØRETØJER I ALT,41886,54900.0,49000.0,0.0255694026643747,0.0
487,2021,HOLBÆKMOTORVEJEN v.f. Sønderkær,CYKLER + KNALLERTER I ALT,0,0.0,0.0,0.0,0.0
487,2022,HOLBÆKMOTORVEJEN v.f. Sønderkær,A+B: KØRETØJER I ALT,41723,54700.0,48800.0,0.0257172303046281,0.0
487,2022,HOLBÆKMOTORVEJEN v.f. Sønderkær,CYKLER + KNALLERTER I ALT,0,0.0,0.0,0.0,0.0
487,2023,HOLBÆKMOTORVEJEN v.f. Sønderkær,A+B: KØRETØJER I ALT,40826,53500.0,47800.0,0.0274090040660363,0.0
487,2023,HOLBÆKMOTORVEJEN v.f. Sønderkær,CYKLER + KNALLERTER I ALT,0,0.0,0.0,0.0,0.0
544,2013,HØJE GLADSAXE VEJ nø.f. Hareskovvej,A+B: KØRETØJER I ALT,5575,7300.0,6500.0,0.0378475336322869,0.0
544,2014,HØJE GLADSAXE VEJ nø.f. Hareskovvej,A+B: KØRETØJER I ALT,5634,7400.0,6600.0,0.0308839190628328,0.0
544,2014,HØJE GLADSAXE VEJ nø.f. Hareskovvej,CYKLER + KNALLERTER I ALT,368,400.0,400.0,0.0,0.0
544,2015,HØJE GLADSAXE VEJ nø.f. Hareskovvej,A+B: KØRETØJER I ALT,5706,7500.0,6700.0,0.0313704872064493,0.0
544,2015,HØJE GLADSAXE VEJ nø.f. Hareskovvej,CYKLER + KNALLERTER I ALT,542,700.0,600.0,0.0,0.0
544,2016,HØJE GLADSAXE VEJ nø.f. Hareskovvej,A+B: KØRETØJER I ALT,6163,8100.0,7200.0,0.0274217102060684,0.0
544,2016,HØJE GLADSAXE VEJ nø.f. Hareskovvej,CYKLER + KNALLERTER I ALT,420,500.0,400.0,0.0,0.0
544,2017,HØJE GLADSAXE VEJ nø.f. Hareskovvej,A+B: KØRETØJER I ALT,6036,7900.0,7100.0,0.0304837640821736,0.0
544,2017,HØJE GLADSAXE VEJ nø.f. Hareskovvej,CYKLER + KNALLERTER I ALT,609,700.0,600.0,0.0,0.0
544,2018,HØJE GLADSAXE VEJ nø.f. Hareskovvej,A+B: KØRETØJER I ALT,6582,8600.0,7700.0,0.0267395928289273,0.0
544,2018,HØJE GLADSAXE VEJ nø.f. Hareskovvej,CYKLER + KNALLERTER I ALT,713,900.0,700.0,0.0,0.0
544,2019,HØJE GLADSAXE VEJ nø.f. Hareskovvej,A+B: KØRETØJER I ALT,6792,8900.0,7900.0,0.0259128386336866,0.0
544,2019,HØJE GLADSAXE VEJ nø.f. Hareskovvej,CYKLER + KNALLERTER I ALT,444,500.0,500.0,0.0,0.0
544,2020,HØJE GLADSAXE VEJ nø.f. Hareskovvej,A+B: KØRETØJER I ALT,7086,9300.0,8300.0,0.0090318938752469,0.0
544,2020,HØJE GLADSAXE VEJ nø.f. Hareskovvej,CYKLER + KNALLERTER I ALT,957,1200.0,1000.0,0.0,0.0
544,2021,HØJE GLADSAXE VEJ nø.f. Hareskovvej,A+B: KØRETØJER I ALT,7238,9500.0,8500.0,0.0200331583310306,0.0
544,2021,HØJE GLADSAXE VEJ nø.f. Hareskovvej,CYKLER + KNALLERTER I ALT,880,1100.0,900.0,0.0,0.0
544,2022,HØJE GLADSAXE VEJ nø.f. Hareskovvej,A+B: KØRETØJER I ALT,6895,9000.0,8100.0,0.0102973168963016,0.0
544,2022,HØJE GLADSAXE VEJ nø.f. Hareskovvej,CYKLER + KNALLERTER I ALT,863,1100.0,900.0,0.0,0.0
544,2023,HØJE GLADSAXE VEJ nø.f. Hareskovvej,A+B: KØRETØJER I ALT,10047,13200.0,11800.0,0.0201055041305862,0.0
544,2023,HØJE GLADSAXE VEJ nø.f. Hareskovvej,CYKLER + KNALLERTER I ALT,677,800.0,700.0,0.0,0.0
609,2013,TUBORGVEJ 66 v.f. Rymarksvej,A+B: KØRETØJER I ALT,20049,26300.0,23500.0,0.0849917701631004,0.0
609,2013,TUBORGVEJ 66 v.f. Rymarksvej,CYKLER + KNALLERTER I ALT,1989,2400.0,2000.0,0.0,0.0196078431372549
609,2014,TUBORGVEJ 66 v.f. Rymarksvej,A+B: KØRETØJER I ALT,21305,27900.0,24900.0,0.0773057967613236,0.0
609,2014,TUBORGVEJ 66 v.f. Rymarksvej,CYKLER + KNALLERTER I ALT,2363,2900.0,2400.0,0.0,0.01819720694033
609,2015,TUBORGVEJ 66 v.f. Rymarksvej,A+B: KØRETØJER I ALT,19306,25300.0,22600.0,0.0761939293483891,0.0
609,2015,TUBORGVEJ 66 v.f. Rymarksvej,CYKLER + KNALLERTER I ALT,2594,3200.0,2700.0,0.0,0.0239013107170393
609,2016,TUBORGVEJ 66 v.f. Rymarksvej,A+B: KØRETØJER I ALT,20212,26500.0,23600.0,0.0726795962794379,0.0
609,2016,TUBORGVEJ 66 v.f. Rymarksvej,CYKLER + KNALLERTER I ALT,1931,2400.0,2000.0,0.0,0.0139823925427239
609,2017,TUBORGVEJ 66 v.f. Rymarksvej,A+B: KØRETØJER I ALT,20213,26500.0,23600.0,0.0729728392618611,0.0
609,2017,TUBORGVEJ 66 v.f. Rymarksvej,CYKLER + KNALLERTER I ALT,2647,3200.0,2700.0,0.0,0.0256894597657725
609,2018,TUBORGVEJ 66 v.f. Rymarksvej,A+B: KØRETØJER I ALT,16284,21300.0,19100.0,0.0266519282731515,0.0
609,2018,TUBORGVEJ 66 v.f. Rymarksvej,CYKLER + KNALLERTER I ALT,3890,4700.0,4000.0,0.0,0.0215938303341902
609,2019,TUBORGVEJ 66 v.f. Rymarksvej,A+B: KØRETØJER I ALT,17350,22700.0,20300.0,0.0277233429394812,0.0
609,2019,TUBORGVEJ 66 v.f. Rymarksvej,CYKLER + KNALLERTER I ALT,3211,3900.0,3300.0,0.0,0.0311429461227032
609,2020,TUBORGVEJ 66 v.f. Rymarksvej,A+B: KØRETØJER I ALT,15740,20600.0,18400.0,0.0281448538754764,0.0
609,2020,TUBORGVEJ 66 v.f. Rymarksvej,CYKLER + KNALLERTER I ALT,3559,4300.0,3700.0,0.0,0.0457993818488339
609,2021,TUBORGVEJ 66 v.f. Rymarksvej,A+B: KØRETØJER I ALT,16045,21000.0,18800.0,0.0250545341227796,0.0
609,2021,TUBORGVEJ 66 v.f. Rymarksvej,CYKLER + KNALLERTER I ALT,3115,3800.0,3200.0,0.0,0.0436597110754414
609,2022,TUBORGVEJ 66 v.f. Rymarksvej,A+B: KØRETØJER I ALT,15262,20000.0,17900.0,0.0275193290525488,0.0
609,2022,TUBORGVEJ 66 v.f. Rymarksvej,CYKLER + KNALLERTER I ALT,3230,3900.0,3300.0,0.0,0.0600619195046439
609,2023,TUBORGVEJ 66 v.f. Rymarksvej,A+B: KØRETØJER I ALT,15047,19700.0,17600.0,0.0267827473915066,0.0
609,2023,TUBORGVEJ 66 v.f. Rymarksvej,CYKLER + KNALLERTER I ALT,3354,4100.0,3500.0,0.0,0.0757304710793082
708,2013,ØRESUNDSMOTORVEJEN s.f. Ørestad Metro ,A+B: KØRETØJER I ALT,51859,67900.0,60700.0,0.0531441022773289,0.0
708,2013,ØRESUNDSMOTORVEJEN s.f. Ørestad Metro ,CYKLER + KNALLERTER I ALT,0,0.0,0.0,0.0,0.0
708,2014,ØRESUNDSMOTORVEJEN s.f. Ørestad Metro ,A+B: KØRETØJER I ALT,58891,77100.0,68900.0,0.0558149802176903,0.0
708,2014,ØRESUNDSMOTORVEJEN s.f. Ørestad Metro ,CYKLER + KNALLERTER I ALT,1,0.0,0.0,0.0,1.0
708,2015,ØRESUNDSMOTORVEJEN s.f. Ørestad Metro ,A+B: KØRETØJER I ALT,57742,75600.0,67600.0,0.0544664195905926,0.0
708,2015,ØRESUNDSMOTORVEJEN s.f. Ørestad Metro ,CYKLER + KNALLERTER I ALT,0,0.0,0.0,0.0,0.0
708,2016,ØRESUNDSMOTORVEJEN s.f. Ørestad Metro ,A+B: KØRETØJER I ALT,57578,75400.0,67400.0,0.0574351314738268,0.0
708,2016,ØRESUNDSMOTORVEJEN s.f. Ørestad Metro ,CYKLER + KNALLERTER I ALT,0,0.0,0.0,0.0,0.0
708,2017,ØRESUNDSMOTORVEJEN s.f. Ørestad Metro ,A+B: KØRETØJER I ALT,61108,80100.0,71500.0,0.055950121097074,0.0
708,2017,ØRESUNDSMOTORVEJEN s.f. Ørestad Metro ,CYKLER + KNALLERTER I ALT,0,0.0,0.0,0.0,0.0
708,2018,ØRESUNDSMOTORVEJEN s.f. Ørestad Metro ,A+B: KØRETØJER I ALT,60297,79000.0,70500.0,0.0626233477619118,0.0
708,2018,ØRESUNDSMOTORVEJEN s.f. Ørestad Metro ,CYKLER + KNALLERTER I ALT,0,0.0,0.0,0.0,0.0
708,2019,ØRESUNDSMOTORVEJEN s.f. Ørestad Metro ,A+B: KØRETØJER I ALT,61098,80000.0,71500.0,0.0622115290189531,0.0
708,2019,ØRESUNDSMOTORVEJEN s.f. Ørestad Metro ,CYKLER + KNALLERTER I ALT,0,0.0,0.0,0.0,0.0
708,2020,ØRESUNDSMOTORVEJEN s.f. Ørestad Metro ,A+B: KØRETØJER I ALT,44615,58400.0,52200.0,0.0729126975232545,0.0
708,2020,ØRESUNDSMOTORVEJEN s.f. Ørestad Metro ,CYKLER + KNALLERTER I ALT,0,0.0,0.0,0.0,0.0
708,2021,ØRESUNDSMOTORVEJEN s.f. Ørestad Metro ,A+B: KØRETØJER I ALT,47076,61700.0,55100.0,0.0706092276319143,0.0
708,2021,ØRESUNDSMOTORVEJEN s.f. Ørestad Metro ,CYKLER + KNALLERTER I ALT,0,0.0,0.0,0.0,0.0
708,2022,ØRESUNDSMOTORVEJEN s.f. Ørestad Metro ,A+B: KØRETØJER I ALT,53084,69500.0,62100.0,0.0645957350614121,0.0
708,2022,ØRESUNDSMOTORVEJEN s.f. Ørestad Metro ,CYKLER + KNALLERTER I ALT,0,0.0,0.0,0.0,0.0
708,2023,ØRESUNDSMOTORVEJEN s.f. Ørestad Metro ,A+B: KØRETØJER I ALT,53203,69700.0,62200.0,0.0656166005676371,0.0
708,2023,ØRESUNDSMOTORVEJEN s.f. Ørestad Metro ,CYKLER + KNALLERTER I ALT,0,0.0,0.0,0.0,0.0
