TS,VEJNAVN,ÅR,KATEGORI,ANTAL 8-9
5,DRONNING LOUISES BRO,2014,A+B: KØRETØJER I ALT,476
5,DRONNING LOUISES BRO,2014,A: LET TRAFIK I ALT,398
5,DRONNING LOUISES BRO,2014,B: TUNG TRAFIK I ALT,78
5,DRONNING LOUISES BRO,2014,BUSSER,60
5,DRONNING LOUISES BRO,2014,LASTBILER,18
5,DRONNING LOUISES BRO,2014,PERSONBILER + MC,290
5,DRONNING LOUISES BRO,2014,"VAREVOGNE (MAX. 3,5 t)",108
5,DRONNING LOUISES BRO,2015,A+B: KØRETØJER I ALT,534
5,DRONNING LOUISES BRO,2015,A: LET TRAFIK I ALT,456
5,DRONNING LOUISES BRO,2015,B: TUNG TRAFIK I ALT,78
5,DRONNING LOUISES BRO,2015,BUSSER,62
5,DRONNING LOUISES BRO,2015,LASTBILER,16
5,DRONNING LOUISES BRO,2015,PERSONBILER + MC,341
5,DRONNING LOUISES BRO,2015,"VAREVOGNE (MAX. 3,5 t)",115
5,DRONNING LOUISES BRO,2016,A+B: KØRETØJER I ALT,513
5,DRONNING LOUISES BRO,2016,A: LET TRAFIK I ALT,443
5,DRONNING LOUISES BRO,2016,B: TUNG TRAFIK I ALT,70
5,DRONNING LOUISES BRO,2016,BUSSER,62
5,DRONNING LOUISES BRO,2016,CYKLER + KNALLERTER,4533
5,DRONNING LOUISES BRO,2016,LADCYKLER,134
5,DRONNING LOUISES BRO,2016,LASTBILER,8
5,DRONNING LOUISES BRO,2016,PERSONBILER + MC,343
5,DRONNING LOUISES BRO,2016,"VAREVOGNE (MAX. 3,5 t)",100
5,DRONNING LOUISES BRO,2017,A+B: KØRETØJER I ALT,473
5,DRONNING LOUISES BRO,2017,A: LET TRAFIK I ALT,410
5,DRONNING LOUISES BRO,2017,B: TUNG TRAFIK I ALT,63
5,DRONNING LOUISES BRO,2017,BUSSER,48
5,DRONNING LOUISES BRO,2017,CYKLER + KNALLERTER,3793
5,DRONNING LOUISES BRO,2017,LADCYKLER,116
5,DRONNING LOUISES BRO,2017,LASTBILER,15
5,DRONNING LOUISES BRO,2017,PERSONBILER + MC,312
5,DRONNING LOUISES BRO,2017,"VAREVOGNE (MAX. 3,5 t)",98
5,DRONNING LOUISES BRO,2018,A+B: KØRETØJER I ALT,394
5,DRONNING LOUISES BRO,2018,A: LET TRAFIK I ALT,336
5,DRONNING LOUISES BRO,2018,B: TUNG TRAFIK I ALT,58
5,DRONNING LOUISES BRO,2018,BUSSER,50
5,DRONNING LOUISES BRO,2018,CYKLER + KNALLERTER,4746
5,DRONNING LOUISES BRO,2018,LADCYKLER,166
5,DRONNING LOUISES BRO,2018,LASTBILER,8
5,DRONNING LOUISES BRO,2018,PERSONBILER + MC,263
5,DRONNING LOUISES BRO,2018,"VAREVOGNE (MAX. 3,5 t)",73
5,DRONNING LOUISES BRO,2019,A+B: KØRETØJER I ALT,430
5,DRONNING LOUISES BRO,2019,A: LET TRAFIK I ALT,367
5,DRONNING LOUISES BRO,2019,B: TUNG TRAFIK I ALT,63
5,DRONNING LOUISES BRO,2019,BUSSER,53
5,DRONNING LOUISES BRO,2019,CYKLER + KNALLERTER,4889
5,DRONNING LOUISES BRO,2019,LADCYKLER,169
5,DRONNING LOUISES BRO,2019,LASTBILER,10
5,DRONNING LOUISES BRO,2019,PERSONBILER + MC,303
5,DRONNING LOUISES BRO,2019,"VAREVOGNE (MAX. 3,5 t)",64
5,DRONNING LOUISES BRO,2020,A+B: KØRETØJER I ALT,329
5,DRONNING LOUISES BRO,2020,A: LET TRAFIK I ALT,276
5,DRONNING LOUISES BRO,2020,B: TUNG TRAFIK I ALT,53
5,DRONNING LOUISES BRO,2020,BUSSER,38
5,DRONNING LOUISES BRO,2020,CYKLER + KNALLERTER,3378
5,DRONNING LOUISES BRO,2020,LADCYKLER,172
5,DRONNING LOUISES BRO,2020,LASTBILER,15
5,DRONNING LOUISES BRO,2020,PERSONBILER + MC,208
5,DRONNING LOUISES BRO,2020,"VAREVOGNE (MAX. 3,5 t)",68
5,DRONNING LOUISES BRO,2021,A+B: KØRETØJER I ALT,435
5,DRONNING LOUISES BRO,2021,A: LET TRAFIK I ALT,389
5,DRONNING LOUISES BRO,2021,B: TUNG TRAFIK I ALT,46
5,DRONNING LOUISES BRO,2021,BUSSER,40
5,DRONNING LOUISES BRO,2021,CYKLER + KNALLERTER,4702
5,DRONNING LOUISES BRO,2021,LADCYKLER,216
5,DRONNING LOUISES BRO,2021,LASTBILER,6
5,DRONNING LOUISES BRO,2021,PERSONBILER + MC,294
5,DRONNING LOUISES BRO,2021,"VAREVOGNE (MAX. 3,5 t)",95
5,DRONNING LOUISES BRO,2023,A+B: KØRETØJER I ALT,299
5,DRONNING LOUISES BRO,2023,A: LET TRAFIK I ALT,248
5,DRONNING LOUISES BRO,2023,B: TUNG TRAFIK I ALT,51
5,DRONNING LOUISES BRO,2023,BUSSER,42
5,DRONNING LOUISES BRO,2023,CYKLER + KNALLERTER,4819
5,DRONNING LOUISES BRO,2023,LADCYKLER,266
5,DRONNING LOUISES BRO,2023,LASTBILER,9
5,DRONNING LOUISES BRO,2023,PERSONBILER + MC,188
5,DRONNING LOUISES BRO,2023,"VAREVOGNE (MAX. 3,5 t)",60
6,KAMPMANNSGADE ud for søerne,2013,A+B: KØRETØJER I ALT,640
6,KAMPMANNSGADE ud for søerne,2013,A: LET TRAFIK I ALT,618
6,KAMPMANNSGADE ud for søerne,2013,B: TUNG TRAFIK I ALT,22
6,KAMPMANNSGADE ud for søerne,2013,CYKLER + KNALLERTER,1826
6,KAMPMANNSGADE ud for søerne,2013,CYKLER + KNALLERTER I ALT,1855
6,KAMPMANNSGADE ud for søerne,2013,LADCYKLER,29
6,KAMPMANNSGADE ud for søerne,2013,LASTBILER,12
6,KAMPMANNSGADE ud for søerne,2013,PERSONBILER + MC,535
6,KAMPMANNSGADE ud for søerne,2013,"VAREVOGNE (MAX. 3,5 t)",83
6,KAMPMANNSGADE ud for søerne,2014,A+B: KØRETØJER I ALT,595
6,KAMPMANNSGADE ud for søerne,2014,A: LET TRAFIK I ALT,582
6,KAMPMANNSGADE ud for søerne,2014,B: TUNG TRAFIK I ALT,13
6,KAMPMANNSGADE ud for søerne,2014,CYKLER + KNALLERTER,1444
6,KAMPMANNSGADE ud for søerne,2014,CYKLER + KNALLERTER I ALT,1472
6,KAMPMANNSGADE ud for søerne,2014,LADCYKLER,28
6,KAMPMANNSGADE ud for søerne,2014,LASTBILER,2
6,KAMPMANNSGADE ud for søerne,2014,PERSONBILER + MC,493
6,KAMPMANNSGADE ud for søerne,2014,"VAREVOGNE (MAX. 3,5 t)",89
6,KAMPMANNSGADE ud for søerne,2015,A+B: KØRETØJER I ALT,750
6,KAMPMANNSGADE ud for søerne,2015,A: LET TRAFIK I ALT,738
6,KAMPMANNSGADE ud for søerne,2015,B: TUNG TRAFIK I ALT,12
6,KAMPMANNSGADE ud for søerne,2015,CYKLER + KNALLERTER,1377
6,KAMPMANNSGADE ud for søerne,2015,CYKLER + KNALLERTER I ALT,1406
6,KAMPMANNSGADE ud for søerne,2015,LADCYKLER,29
6,KAMPMANNSGADE ud for søerne,2015,LASTBILER,2
6,KAMPMANNSGADE ud for søerne,2015,PERSONBILER + MC,641
6,KAMPMANNSGADE ud for søerne,2015,"VAREVOGNE (MAX. 3,5 t)",97
6,KAMPMANNSGADE ud for søerne,2016,A+B: KØRETØJER I ALT,656
6,KAMPMANNSGADE ud for søerne,2016,A: LET TRAFIK I ALT,643
6,KAMPMANNSGADE ud for søerne,2016,B: TUNG TRAFIK I ALT,13
6,KAMPMANNSGADE ud for søerne,2016,CYKLER + KNALLERTER,1582
6,KAMPMANNSGADE ud for søerne,2016,CYKLER + KNALLERTER I ALT,1611
6,KAMPMANNSGADE ud for søerne,2016,LADCYKLER,29
6,KAMPMANNSGADE ud for søerne,2016,LASTBILER,5
6,KAMPMANNSGADE ud for søerne,2016,PERSONBILER + MC,571
6,KAMPMANNSGADE ud for søerne,2016,"VAREVOGNE (MAX. 3,5 t)",72
6,KAMPMANNSGADE ud for søerne,2017,A+B: KØRETØJER I ALT,747
6,KAMPMANNSGADE ud for søerne,2017,A: LET TRAFIK I ALT,733
6,KAMPMANNSGADE ud for søerne,2017,B: TUNG TRAFIK I ALT,14
6,KAMPMANNSGADE ud for søerne,2017,CYKLER + KNALLERTER,1577
6,KAMPMANNSGADE ud for søerne,2017,CYKLER + KNALLERTER I ALT,1606
6,KAMPMANNSGADE ud for søerne,2017,LADCYKLER,29
6,KAMPMANNSGADE ud for søerne,2017,LASTBILER,6
6,KAMPMANNSGADE ud for søerne,2017,PERSONBILER + MC,636
6,KAMPMANNSGADE ud for søerne,2017,"VAREVOGNE (MAX. 3,5 t)",97
6,KAMPMANNSGADE ud for søerne,2018,A+B: KØRETØJER I ALT,632
6,KAMPMANNSGADE ud for søerne,2018,A: LET TRAFIK I ALT,618
6,KAMPMANNSGADE ud for søerne,2018,B: TUNG TRAFIK I ALT,14
6,KAMPMANNSGADE ud for søerne,2018,CYKLER + KNALLERTER,1698
6,KAMPMANNSGADE ud for søerne,2018,CYKLER + KNALLERTER I ALT,1736
6,KAMPMANNSGADE ud for søerne,2018,LADCYKLER,38
6,KAMPMANNSGADE ud for søerne,2018,LASTBILER,4
6,KAMPMANNSGADE ud for søerne,2018,PERSONBILER + MC,533
6,KAMPMANNSGADE ud for søerne,2018,"VAREVOGNE (MAX. 3,5 t)",85
6,KAMPMANNSGADE ud for søerne,2019,A+B: KØRETØJER I ALT,653
6,KAMPMANNSGADE ud for søerne,2019,A: LET TRAFIK I ALT,629
6,KAMPMANNSGADE ud for søerne,2019,B: TUNG TRAFIK I ALT,24
6,KAMPMANNSGADE ud for søerne,2019,CYKLER + KNALLERTER,1508
6,KAMPMANNSGADE ud for søerne,2019,CYKLER + KNALLERTER I ALT,1546
6,KAMPMANNSGADE ud for søerne,2019,LADCYKLER,38
6,KAMPMANNSGADE ud for søerne,2019,LASTBILER,14
6,KAMPMANNSGADE ud for søerne,2019,PERSONBILER + MC,559
6,KAMPMANNSGADE ud for søerne,2019,"VAREVOGNE (MAX. 3,5 t)",70
6,KAMPMANNSGADE ud for søerne,2020,A+B: KØRETØJER I ALT,519
6,KAMPMANNSGADE ud for søerne,2020,A: LET TRAFIK I ALT,511
6,KAMPMANNSGADE ud for søerne,2020,B: TUNG TRAFIK I ALT,8
6,KAMPMANNSGADE ud for søerne,2020,CYKLER + KNALLERTER,1422
6,KAMPMANNSGADE ud for søerne,2020,CYKLER + KNALLERTER I ALT,1469
6,KAMPMANNSGADE ud for søerne,2020,LADCYKLER,47
6,KAMPMANNSGADE ud for søerne,2020,LASTBILER,4
6,KAMPMANNSGADE ud for søerne,2020,PERSONBILER + MC,435
6,KAMPMANNSGADE ud for søerne,2020,"VAREVOGNE (MAX. 3,5 t)",76
6,KAMPMANNSGADE ud for søerne,2021,A+B: KØRETØJER I ALT,427
6,KAMPMANNSGADE ud for søerne,2021,A: LET TRAFIK I ALT,416
6,KAMPMANNSGADE ud for søerne,2021,B: TUNG TRAFIK I ALT,11
6,KAMPMANNSGADE ud for søerne,2021,CYKLER + KNALLERTER,1403
6,KAMPMANNSGADE ud for søerne,2021,CYKLER + KNALLERTER I ALT,1456
6,KAMPMANNSGADE ud for søerne,2021,LADCYKLER,53
6,KAMPMANNSGADE ud for søerne,2021,LASTBILER,6
6,KAMPMANNSGADE ud for søerne,2021,PERSONBILER + MC,362
6,KAMPMANNSGADE ud for søerne,2021,"VAREVOGNE (MAX. 3,5 t)",54
6,KAMPMANNSGADE ud for søerne,2022,A+B: KØRETØJER I ALT,485
6,KAMPMANNSGADE ud for søerne,2022,A: LET TRAFIK I ALT,472
6,KAMPMANNSGADE ud for søerne,2022,B: TUNG TRAFIK I ALT,13
6,KAMPMANNSGADE ud for søerne,2022,CYKLER + KNALLERTER,1555
6,KAMPMANNSGADE ud for søerne,2022,CYKLER + KNALLERTER I ALT,1608
6,KAMPMANNSGADE ud for søerne,2022,LADCYKLER,53
6,KAMPMANNSGADE ud for søerne,2022,LASTBILER,6
6,KAMPMANNSGADE ud for søerne,2022,PERSONBILER + MC,407
6,KAMPMANNSGADE ud for søerne,2022,"VAREVOGNE (MAX. 3,5 t)",65
6,KAMPMANNSGADE ud for søerne,2023,A+B: KØRETØJER I ALT,443
6,KAMPMANNSGADE ud for søerne,2023,A: LET TRAFIK I ALT,425
6,KAMPMANNSGADE ud for søerne,2023,B: TUNG TRAFIK I ALT,18
6,KAMPMANNSGADE ud for søerne,2023,CYKLER + KNALLERTER,1544
6,KAMPMANNSGADE ud for søerne,2023,CYKLER + KNALLERTER I ALT,1608
6,KAMPMANNSGADE ud for søerne,2023,LADCYKLER,64
6,KAMPMANNSGADE ud for søerne,2023,LASTBILER,11
6,KAMPMANNSGADE ud for søerne,2023,PERSONBILER + MC,380
6,KAMPMANNSGADE ud for søerne,2023,"VAREVOGNE (MAX. 3,5 t)",45
19,GYLDENLØVESGADE ud for Søerne ,2013,A+B: KØRETØJER I ALT,4225
19,GYLDENLØVESGADE ud for Søerne ,2013,A: LET TRAFIK I ALT,4058
19,GYLDENLØVESGADE ud for Søerne ,2013,B: TUNG TRAFIK I ALT,167
19,GYLDENLØVESGADE ud for Søerne ,2013,CYKLER + KNALLERTER,4249
19,GYLDENLØVESGADE ud for Søerne ,2013,CYKLER + KNALLERTER I ALT,4300
19,GYLDENLØVESGADE ud for Søerne ,2013,LADCYKLER,51
19,GYLDENLØVESGADE ud for Søerne ,2013,LASTBILER,93
19,GYLDENLØVESGADE ud for Søerne ,2013,PERSONBILER + MC,3303
19,GYLDENLØVESGADE ud for Søerne ,2013,"VAREVOGNE (MAX. 3,5 t)",755
19,GYLDENLØVESGADE ud for Søerne ,2015,A+B: KØRETØJER I ALT,3679
19,GYLDENLØVESGADE ud for Søerne ,2015,A: LET TRAFIK I ALT,3527
19,GYLDENLØVESGADE ud for Søerne ,2015,B: TUNG TRAFIK I ALT,152
19,GYLDENLØVESGADE ud for Søerne ,2015,CYKLER + KNALLERTER,4526
19,GYLDENLØVESGADE ud for Søerne ,2015,CYKLER + KNALLERTER I ALT,4603
19,GYLDENLØVESGADE ud for Søerne ,2015,LADCYKLER,77
19,GYLDENLØVESGADE ud for Søerne ,2015,LASTBILER,69
19,GYLDENLØVESGADE ud for Søerne ,2015,PERSONBILER + MC,2883
19,GYLDENLØVESGADE ud for Søerne ,2015,"VAREVOGNE (MAX. 3,5 t)",644
19,GYLDENLØVESGADE ud for Søerne ,2016,A+B: KØRETØJER I ALT,3797
19,GYLDENLØVESGADE ud for Søerne ,2016,A: LET TRAFIK I ALT,3632
19,GYLDENLØVESGADE ud for Søerne ,2016,B: TUNG TRAFIK I ALT,165
19,GYLDENLØVESGADE ud for Søerne ,2016,CYKLER + KNALLERTER,4656
19,GYLDENLØVESGADE ud for Søerne ,2016,CYKLER + KNALLERTER I ALT,4728
19,GYLDENLØVESGADE ud for Søerne ,2016,LADCYKLER,72
19,GYLDENLØVESGADE ud for Søerne ,2016,LASTBILER,87
19,GYLDENLØVESGADE ud for Søerne ,2016,PERSONBILER + MC,2992
19,GYLDENLØVESGADE ud for Søerne ,2016,"VAREVOGNE (MAX. 3,5 t)",640
19,GYLDENLØVESGADE ud for Søerne ,2017,A+B: KØRETØJER I ALT,3749
19,GYLDENLØVESGADE ud for Søerne ,2017,A: LET TRAFIK I ALT,3596
19,GYLDENLØVESGADE ud for Søerne ,2017,B: TUNG TRAFIK I ALT,153
19,GYLDENLØVESGADE ud for Søerne ,2017,CYKLER + KNALLERTER,4477
19,GYLDENLØVESGADE ud for Søerne ,2017,CYKLER + KNALLERTER I ALT,4556
19,GYLDENLØVESGADE ud for Søerne ,2017,LADCYKLER,79
19,GYLDENLØVESGADE ud for Søerne ,2017,LASTBILER,69
19,GYLDENLØVESGADE ud for Søerne ,2017,PERSONBILER + MC,2933
19,GYLDENLØVESGADE ud for Søerne ,2017,"VAREVOGNE (MAX. 3,5 t)",663
19,GYLDENLØVESGADE ud for Søerne ,2018,A+B: KØRETØJER I ALT,3579
19,GYLDENLØVESGADE ud for Søerne ,2018,A: LET TRAFIK I ALT,3416
19,GYLDENLØVESGADE ud for Søerne ,2018,B: TUNG TRAFIK I ALT,163
19,GYLDENLØVESGADE ud for Søerne ,2018,CYKLER + KNALLERTER,4923
19,GYLDENLØVESGADE ud for Søerne ,2018,CYKLER + KNALLERTER I ALT,5031
19,GYLDENLØVESGADE ud for Søerne ,2018,LADCYKLER,108
19,GYLDENLØVESGADE ud for Søerne ,2018,LASTBILER,76
19,GYLDENLØVESGADE ud for Søerne ,2018,PERSONBILER + MC,2785
19,GYLDENLØVESGADE ud for Søerne ,2018,"VAREVOGNE (MAX. 3,5 t)",631
19,GYLDENLØVESGADE ud for Søerne ,2019,A+B: KØRETØJER I ALT,3536
19,GYLDENLØVESGADE ud for Søerne ,2019,A: LET TRAFIK I ALT,3388
19,GYLDENLØVESGADE ud for Søerne ,2019,B: TUNG TRAFIK I ALT,148
19,GYLDENLØVESGADE ud for Søerne ,2019,CYKLER + KNALLERTER,4483
19,GYLDENLØVESGADE ud for Søerne ,2019,CYKLER + KNALLERTER I ALT,4582
19,GYLDENLØVESGADE ud for Søerne ,2019,LADCYKLER,99
19,GYLDENLØVESGADE ud for Søerne ,2019,LASTBILER,72
19,GYLDENLØVESGADE ud for Søerne ,2019,PERSONBILER + MC,2832
19,GYLDENLØVESGADE ud for Søerne ,2019,"VAREVOGNE (MAX. 3,5 t)",556
19,GYLDENLØVESGADE ud for Søerne ,2020,A+B: KØRETØJER I ALT,3573
19,GYLDENLØVESGADE ud for Søerne ,2020,A: LET TRAFIK I ALT,3436
19,GYLDENLØVESGADE ud for Søerne ,2020,B: TUNG TRAFIK I ALT,137
19,GYLDENLØVESGADE ud for Søerne ,2020,CYKLER + KNALLERTER,4682
19,GYLDENLØVESGADE ud for Søerne ,2020,CYKLER + KNALLERTER I ALT,4805
19,GYLDENLØVESGADE ud for Søerne ,2020,LADCYKLER,123
19,GYLDENLØVESGADE ud for Søerne ,2020,LASTBILER,69
19,GYLDENLØVESGADE ud for Søerne ,2020,PERSONBILER + MC,2789
19,GYLDENLØVESGADE ud for Søerne ,2020,"VAREVOGNE (MAX. 3,5 t)",647
19,GYLDENLØVESGADE ud for Søerne ,2021,A+B: KØRETØJER I ALT,3421
19,GYLDENLØVESGADE ud for Søerne ,2021,A: LET TRAFIK I ALT,3296
19,GYLDENLØVESGADE ud for Søerne ,2021,B: TUNG TRAFIK I ALT,125
19,GYLDENLØVESGADE ud for Søerne ,2021,CYKLER + KNALLERTER,4128
19,GYLDENLØVESGADE ud for Søerne ,2021,CYKLER + KNALLERTER I ALT,4284
19,GYLDENLØVESGADE ud for Søerne ,2021,LADCYKLER,156
19,GYLDENLØVESGADE ud for Søerne ,2021,LASTBILER,67
19,GYLDENLØVESGADE ud for Søerne ,2021,PERSONBILER + MC,2762
19,GYLDENLØVESGADE ud for Søerne ,2021,"VAREVOGNE (MAX. 3,5 t)",534
19,GYLDENLØVESGADE ud for Søerne ,2022,A+B: KØRETØJER I ALT,3678
19,GYLDENLØVESGADE ud for Søerne ,2022,A: LET TRAFIK I ALT,3560
19,GYLDENLØVESGADE ud for Søerne ,2022,B: TUNG TRAFIK I ALT,118
19,GYLDENLØVESGADE ud for Søerne ,2022,CYKLER + KNALLERTER,4147
19,GYLDENLØVESGADE ud for Søerne ,2022,CYKLER + KNALLERTER I ALT,4299
19,GYLDENLØVESGADE ud for Søerne ,2022,LADCYKLER,152
19,GYLDENLØVESGADE ud for Søerne ,2022,LASTBILER,61
19,GYLDENLØVESGADE ud for Søerne ,2022,PERSONBILER + MC,3003
19,GYLDENLØVESGADE ud for Søerne ,2022,"VAREVOGNE (MAX. 3,5 t)",557
19,GYLDENLØVESGADE ud for Søerne ,2023,A+B: KØRETØJER I ALT,3760
19,GYLDENLØVESGADE ud for Søerne ,2023,A: LET TRAFIK I ALT,3621
19,GYLDENLØVESGADE ud for Søerne ,2023,B: TUNG TRAFIK I ALT,139
19,GYLDENLØVESGADE ud for Søerne ,2023,CYKLER + KNALLERTER,4564
19,GYLDENLØVESGADE ud for Søerne ,2023,CYKLER + KNALLERTER I ALT,4734
19,GYLDENLØVESGADE ud for Søerne ,2023,LADCYKLER,170
19,GYLDENLØVESGADE ud for Søerne ,2023,LASTBILER,81
19,GYLDENLØVESGADE ud for Søerne ,2023,PERSONBILER + MC,2994
19,GYLDENLØVESGADE ud for Søerne ,2023,"VAREVOGNE (MAX. 3,5 t)",627
25,KALVEBOD BRYGGE sv.f. Bernstorffsgade,2013,A+B: KØRETØJER I ALT,2755
25,KALVEBOD BRYGGE sv.f. Bernstorffsgade,2013,A: LET TRAFIK I ALT,2619
25,KALVEBOD BRYGGE sv.f. Bernstorffsgade,2013,B: TUNG TRAFIK I ALT,136
25,KALVEBOD BRYGGE sv.f. Bernstorffsgade,2013,CYKLER + KNALLERTER,547
25,KALVEBOD BRYGGE sv.f. Bernstorffsgade,2013,CYKLER + KNALLERTER I ALT,551
25,KALVEBOD BRYGGE sv.f. Bernstorffsgade,2013,LADCYKLER,4
25,KALVEBOD BRYGGE sv.f. Bernstorffsgade,2013,LASTBILER,109
25,KALVEBOD BRYGGE sv.f. Bernstorffsgade,2013,PERSONBILER + MC,2126
25,KALVEBOD BRYGGE sv.f. Bernstorffsgade,2013,"VAREVOGNE (MAX. 3,5 t)",493
25,KALVEBOD BRYGGE sv.f. Bernstorffsgade,2014,A+B: KØRETØJER I ALT,2704
25,KALVEBOD BRYGGE sv.f. Bernstorffsgade,2014,A: LET TRAFIK I ALT,2562
25,KALVEBOD BRYGGE sv.f. Bernstorffsgade,2014,B: TUNG TRAFIK I ALT,142
25,KALVEBOD BRYGGE sv.f. Bernstorffsgade,2014,CYKLER + KNALLERTER,493
25,KALVEBOD BRYGGE sv.f. Bernstorffsgade,2014,CYKLER + KNALLERTER I ALT,494
25,KALVEBOD BRYGGE sv.f. Bernstorffsgade,2014,LADCYKLER,1
25,KALVEBOD BRYGGE sv.f. Bernstorffsgade,2014,LASTBILER,114
25,KALVEBOD BRYGGE sv.f. Bernstorffsgade,2014,PERSONBILER + MC,2112
25,KALVEBOD BRYGGE sv.f. Bernstorffsgade,2014,"VAREVOGNE (MAX. 3,5 t)",450
25,KALVEBOD BRYGGE sv.f. Bernstorffsgade,2015,A+B: KØRETØJER I ALT,2951
25,KALVEBOD BRYGGE sv.f. Bernstorffsgade,2015,A: LET TRAFIK I ALT,2766
25,KALVEBOD BRYGGE sv.f. Bernstorffsgade,2015,B: TUNG TRAFIK I ALT,185
25,KALVEBOD BRYGGE sv.f. Bernstorffsgade,2015,CYKLER + KNALLERTER,548
25,KALVEBOD BRYGGE sv.f. Bernstorffsgade,2015,CYKLER + KNALLERTER I ALT,552
25,KALVEBOD BRYGGE sv.f. Bernstorffsgade,2015,LADCYKLER,4
25,KALVEBOD BRYGGE sv.f. Bernstorffsgade,2015,LASTBILER,149
25,KALVEBOD BRYGGE sv.f. Bernstorffsgade,2015,PERSONBILER + MC,2273
25,KALVEBOD BRYGGE sv.f. Bernstorffsgade,2015,"VAREVOGNE (MAX. 3,5 t)",493
25,KALVEBOD BRYGGE sv.f. Bernstorffsgade,2016,A+B: KØRETØJER I ALT,3003
25,KALVEBOD BRYGGE sv.f. Bernstorffsgade,2016,A: LET TRAFIK I ALT,2847
25,KALVEBOD BRYGGE sv.f. Bernstorffsgade,2016,B: TUNG TRAFIK I ALT,156
25,KALVEBOD BRYGGE sv.f. Bernstorffsgade,2016,CYKLER + KNALLERTER,700
25,KALVEBOD BRYGGE sv.f. Bernstorffsgade,2016,CYKLER + KNALLERTER I ALT,712
25,KALVEBOD BRYGGE sv.f. Bernstorffsgade,2016,LADCYKLER,12
25,KALVEBOD BRYGGE sv.f. Bernstorffsgade,2016,LASTBILER,124
25,KALVEBOD BRYGGE sv.f. Bernstorffsgade,2016,PERSONBILER + MC,2366
25,KALVEBOD BRYGGE sv.f. Bernstorffsgade,2016,"VAREVOGNE (MAX. 3,5 t)",481
25,KALVEBOD BRYGGE sv.f. Bernstorffsgade,2017,A+B: KØRETØJER I ALT,2982
25,KALVEBOD BRYGGE sv.f. Bernstorffsgade,2017,A: LET TRAFIK I ALT,2815
25,KALVEBOD BRYGGE sv.f. Bernstorffsgade,2017,B: TUNG TRAFIK I ALT,167
25,KALVEBOD BRYGGE sv.f. Bernstorffsgade,2017,CYKLER + KNALLERTER,638
25,KALVEBOD BRYGGE sv.f. Bernstorffsgade,2017,CYKLER + KNALLERTER I ALT,646
25,KALVEBOD BRYGGE sv.f. Bernstorffsgade,2017,LADCYKLER,8
25,KALVEBOD BRYGGE sv.f. Bernstorffsgade,2017,LASTBILER,133
25,KALVEBOD BRYGGE sv.f. Bernstorffsgade,2017,PERSONBILER + MC,2315
25,KALVEBOD BRYGGE sv.f. Bernstorffsgade,2017,"VAREVOGNE (MAX. 3,5 t)",500
25,KALVEBOD BRYGGE sv.f. Bernstorffsgade,2018,A+B: KØRETØJER I ALT,3054
25,KALVEBOD BRYGGE sv.f. Bernstorffsgade,2018,A: LET TRAFIK I ALT,2884
25,KALVEBOD BRYGGE sv.f. Bernstorffsgade,2018,B: TUNG TRAFIK I ALT,170
25,KALVEBOD BRYGGE sv.f. Bernstorffsgade,2018,CYKLER + KNALLERTER,564
25,KALVEBOD BRYGGE sv.f. Bernstorffsgade,2018,CYKLER + KNALLERTER I ALT,575
25,KALVEBOD BRYGGE sv.f. Bernstorffsgade,2018,LADCYKLER,11
25,KALVEBOD BRYGGE sv.f. Bernstorffsgade,2018,LASTBILER,120
25,KALVEBOD BRYGGE sv.f. Bernstorffsgade,2018,PERSONBILER + MC,2410
25,KALVEBOD BRYGGE sv.f. Bernstorffsgade,2018,"VAREVOGNE (MAX. 3,5 t)",474
25,KALVEBOD BRYGGE sv.f. Bernstorffsgade,2019,A+B: KØRETØJER I ALT,2897
25,KALVEBOD BRYGGE sv.f. Bernstorffsgade,2019,A: LET TRAFIK I ALT,2742
25,KALVEBOD BRYGGE sv.f. Bernstorffsgade,2019,B: TUNG TRAFIK I ALT,155
25,KALVEBOD BRYGGE sv.f. Bernstorffsgade,2019,CYKLER + KNALLERTER,485
25,KALVEBOD BRYGGE sv.f. Bernstorffsgade,2019,CYKLER + KNALLERTER I ALT,496
25,KALVEBOD BRYGGE sv.f. Bernstorffsgade,2019,LADCYKLER,11
25,KALVEBOD BRYGGE sv.f. Bernstorffsgade,2019,LASTBILER,120
25,KALVEBOD BRYGGE sv.f. Bernstorffsgade,2019,PERSONBILER + MC,2310
25,KALVEBOD BRYGGE sv.f. Bernstorffsgade,2019,"VAREVOGNE (MAX. 3,5 t)",432
25,KALVEBOD BRYGGE sv.f. Bernstorffsgade,2020,A+B: KØRETØJER I ALT,2746
25,KALVEBOD BRYGGE sv.f. Bernstorffsgade,2020,A: LET TRAFIK I ALT,2600
25,KALVEBOD BRYGGE sv.f. Bernstorffsgade,2020,B: TUNG TRAFIK I ALT,146
25,KALVEBOD BRYGGE sv.f. Bernstorffsgade,2020,CYKLER + KNALLERTER,645
25,KALVEBOD BRYGGE sv.f. Bernstorffsgade,2020,CYKLER + KNALLERTER I ALT,656
25,KALVEBOD BRYGGE sv.f. Bernstorffsgade,2020,LADCYKLER,11
25,KALVEBOD BRYGGE sv.f. Bernstorffsgade,2020,LASTBILER,116
25,KALVEBOD BRYGGE sv.f. Bernstorffsgade,2020,PERSONBILER + MC,2146
25,KALVEBOD BRYGGE sv.f. Bernstorffsgade,2020,"VAREVOGNE (MAX. 3,5 t)",454
25,KALVEBOD BRYGGE sv.f. Bernstorffsgade,2021,A+B: KØRETØJER I ALT,2718
25,KALVEBOD BRYGGE sv.f. Bernstorffsgade,2021,A: LET TRAFIK I ALT,2601
25,KALVEBOD BRYGGE sv.f. Bernstorffsgade,2021,B: TUNG TRAFIK I ALT,117
25,KALVEBOD BRYGGE sv.f. Bernstorffsgade,2021,CYKLER + KNALLERTER,619
25,KALVEBOD BRYGGE sv.f. Bernstorffsgade,2021,CYKLER + KNALLERTER I ALT,637
25,KALVEBOD BRYGGE sv.f. Bernstorffsgade,2021,LADCYKLER,18
25,KALVEBOD BRYGGE sv.f. Bernstorffsgade,2021,LASTBILER,80
25,KALVEBOD BRYGGE sv.f. Bernstorffsgade,2021,PERSONBILER + MC,2167
25,KALVEBOD BRYGGE sv.f. Bernstorffsgade,2021,"VAREVOGNE (MAX. 3,5 t)",434
25,KALVEBOD BRYGGE sv.f. Bernstorffsgade,2022,A+B: KØRETØJER I ALT,2969
25,KALVEBOD BRYGGE sv.f. Bernstorffsgade,2022,A: LET TRAFIK I ALT,2796
25,KALVEBOD BRYGGE sv.f. Bernstorffsgade,2022,B: TUNG TRAFIK I ALT,173
25,KALVEBOD BRYGGE sv.f. Bernstorffsgade,2022,CYKLER + KNALLERTER,866
25,KALVEBOD BRYGGE sv.f. Bernstorffsgade,2022,CYKLER + KNALLERTER I ALT,914
25,KALVEBOD BRYGGE sv.f. Bernstorffsgade,2022,LADCYKLER,48
25,KALVEBOD BRYGGE sv.f. Bernstorffsgade,2022,LASTBILER,115
25,KALVEBOD BRYGGE sv.f. Bernstorffsgade,2022,PERSONBILER + MC,2402
25,KALVEBOD BRYGGE sv.f. Bernstorffsgade,2022,"VAREVOGNE (MAX. 3,5 t)",394
25,KALVEBOD BRYGGE sv.f. Bernstorffsgade,2023,A+B: KØRETØJER I ALT,2680
25,KALVEBOD BRYGGE sv.f. Bernstorffsgade,2023,A: LET TRAFIK I ALT,2527
25,KALVEBOD BRYGGE sv.f. Bernstorffsgade,2023,B: TUNG TRAFIK I ALT,153
25,KALVEBOD BRYGGE sv.f. Bernstorffsgade,2023,CYKLER + KNALLERTER,987
25,KALVEBOD BRYGGE sv.f. Bernstorffsgade,2023,CYKLER + KNALLERTER I ALT,1047
25,KALVEBOD BRYGGE sv.f. Bernstorffsgade,2023,LADCYKLER,60
25,KALVEBOD BRYGGE sv.f. Bernstorffsgade,2023,LASTBILER,107
25,KALVEBOD BRYGGE sv.f. Bernstorffsgade,2023,PERSONBILER + MC,2124
25,KALVEBOD BRYGGE sv.f. Bernstorffsgade,2023,"VAREVOGNE (MAX. 3,5 t)",403
26,KNIPPELSBRO,2013,A+B: KØRETØJER I ALT,2008
26,KNIPPELSBRO,2013,A: LET TRAFIK I ALT,1865
26,KNIPPELSBRO,2013,B: TUNG TRAFIK I ALT,143
26,KNIPPELSBRO,2013,CYKLER + KNALLERTER,5561
26,KNIPPELSBRO,2013,CYKLER + KNALLERTER I ALT,5657
26,KNIPPELSBRO,2013,LADCYKLER,96
26,KNIPPELSBRO,2013,LASTBILER,76
26,KNIPPELSBRO,2013,PERSONBILER + MC,1566
26,KNIPPELSBRO,2013,"VAREVOGNE (MAX. 3,5 t)",299
26,KNIPPELSBRO,2014,A+B: KØRETØJER I ALT,1973
26,KNIPPELSBRO,2014,A: LET TRAFIK I ALT,1860
26,KNIPPELSBRO,2014,B: TUNG TRAFIK I ALT,113
26,KNIPPELSBRO,2014,CYKLER + KNALLERTER,5605
26,KNIPPELSBRO,2014,CYKLER + KNALLERTER I ALT,5705
26,KNIPPELSBRO,2014,LADCYKLER,100
26,KNIPPELSBRO,2014,LASTBILER,55
26,KNIPPELSBRO,2014,PERSONBILER + MC,1550
26,KNIPPELSBRO,2014,"VAREVOGNE (MAX. 3,5 t)",310
26,KNIPPELSBRO,2015,A+B: KØRETØJER I ALT,1964
26,KNIPPELSBRO,2015,A: LET TRAFIK I ALT,1829
26,KNIPPELSBRO,2015,B: TUNG TRAFIK I ALT,135
26,KNIPPELSBRO,2015,CYKLER + KNALLERTER,5636
26,KNIPPELSBRO,2015,CYKLER + KNALLERTER I ALT,5737
26,KNIPPELSBRO,2015,LADCYKLER,101
26,KNIPPELSBRO,2015,LASTBILER,70
26,KNIPPELSBRO,2015,PERSONBILER + MC,1522
26,KNIPPELSBRO,2015,"VAREVOGNE (MAX. 3,5 t)",307
26,KNIPPELSBRO,2016,A+B: KØRETØJER I ALT,2050
26,KNIPPELSBRO,2016,A: LET TRAFIK I ALT,1916
26,KNIPPELSBRO,2016,B: TUNG TRAFIK I ALT,134
26,KNIPPELSBRO,2016,CYKLER + KNALLERTER,4650
26,KNIPPELSBRO,2016,CYKLER + KNALLERTER I ALT,4744
26,KNIPPELSBRO,2016,LADCYKLER,94
26,KNIPPELSBRO,2016,LASTBILER,69
26,KNIPPELSBRO,2016,PERSONBILER + MC,1604
26,KNIPPELSBRO,2016,"VAREVOGNE (MAX. 3,5 t)",312
26,KNIPPELSBRO,2017,A+B: KØRETØJER I ALT,1826
26,KNIPPELSBRO,2017,A: LET TRAFIK I ALT,1697
26,KNIPPELSBRO,2017,B: TUNG TRAFIK I ALT,129
26,KNIPPELSBRO,2017,CYKLER + KNALLERTER,4278
26,KNIPPELSBRO,2017,CYKLER + KNALLERTER I ALT,4357
26,KNIPPELSBRO,2017,LADCYKLER,79
26,KNIPPELSBRO,2017,LASTBILER,58
26,KNIPPELSBRO,2017,PERSONBILER + MC,1417
26,KNIPPELSBRO,2017,"VAREVOGNE (MAX. 3,5 t)",280
26,KNIPPELSBRO,2018,A+B: KØRETØJER I ALT,1906
26,KNIPPELSBRO,2018,A: LET TRAFIK I ALT,1773
26,KNIPPELSBRO,2018,B: TUNG TRAFIK I ALT,133
26,KNIPPELSBRO,2018,CYKLER + KNALLERTER,4366
26,KNIPPELSBRO,2018,CYKLER + KNALLERTER I ALT,4452
26,KNIPPELSBRO,2018,LADCYKLER,86
26,KNIPPELSBRO,2018,LASTBILER,68
26,KNIPPELSBRO,2018,PERSONBILER + MC,1465
26,KNIPPELSBRO,2018,"VAREVOGNE (MAX. 3,5 t)",308
26,KNIPPELSBRO,2019,A+B: KØRETØJER I ALT,1892
26,KNIPPELSBRO,2019,A: LET TRAFIK I ALT,1766
26,KNIPPELSBRO,2019,B: TUNG TRAFIK I ALT,126
26,KNIPPELSBRO,2019,CYKLER + KNALLERTER,3706
26,KNIPPELSBRO,2019,CYKLER + KNALLERTER I ALT,3789
26,KNIPPELSBRO,2019,LADCYKLER,83
26,KNIPPELSBRO,2019,LASTBILER,59
26,KNIPPELSBRO,2019,PERSONBILER + MC,1440
26,KNIPPELSBRO,2019,"VAREVOGNE (MAX. 3,5 t)",326
26,KNIPPELSBRO,2020,A+B: KØRETØJER I ALT,1846
26,KNIPPELSBRO,2020,A: LET TRAFIK I ALT,1762
26,KNIPPELSBRO,2020,B: TUNG TRAFIK I ALT,84
26,KNIPPELSBRO,2020,CYKLER + KNALLERTER,3094
26,KNIPPELSBRO,2020,CYKLER + KNALLERTER I ALT,3184
26,KNIPPELSBRO,2020,LADCYKLER,90
26,KNIPPELSBRO,2020,LASTBILER,52
26,KNIPPELSBRO,2020,PERSONBILER + MC,1498
26,KNIPPELSBRO,2020,"VAREVOGNE (MAX. 3,5 t)",264
26,KNIPPELSBRO,2021,A+B: KØRETØJER I ALT,1785
26,KNIPPELSBRO,2021,A: LET TRAFIK I ALT,1699
26,KNIPPELSBRO,2021,B: TUNG TRAFIK I ALT,86
26,KNIPPELSBRO,2021,CYKLER + KNALLERTER,3324
26,KNIPPELSBRO,2021,CYKLER + KNALLERTER I ALT,3462
26,KNIPPELSBRO,2021,LADCYKLER,138
26,KNIPPELSBRO,2021,LASTBILER,53
26,KNIPPELSBRO,2021,PERSONBILER + MC,1419
26,KNIPPELSBRO,2021,"VAREVOGNE (MAX. 3,5 t)",280
26,KNIPPELSBRO,2022,A+B: KØRETØJER I ALT,1908
26,KNIPPELSBRO,2022,A: LET TRAFIK I ALT,1801
26,KNIPPELSBRO,2022,B: TUNG TRAFIK I ALT,107
26,KNIPPELSBRO,2022,CYKLER + KNALLERTER,3329
26,KNIPPELSBRO,2022,CYKLER + KNALLERTER I ALT,3463
26,KNIPPELSBRO,2022,LADCYKLER,134
26,KNIPPELSBRO,2022,LASTBILER,69
26,KNIPPELSBRO,2022,PERSONBILER + MC,1484
26,KNIPPELSBRO,2022,"VAREVOGNE (MAX. 3,5 t)",317
26,KNIPPELSBRO,2023,A+B: KØRETØJER I ALT,1798
26,KNIPPELSBRO,2023,A: LET TRAFIK I ALT,1721
26,KNIPPELSBRO,2023,B: TUNG TRAFIK I ALT,77
26,KNIPPELSBRO,2023,CYKLER + KNALLERTER,3256
26,KNIPPELSBRO,2023,CYKLER + KNALLERTER I ALT,3451
26,KNIPPELSBRO,2023,LADCYKLER,195
26,KNIPPELSBRO,2023,LASTBILER,43
26,KNIPPELSBRO,2023,PERSONBILER + MC,1437
26,KNIPPELSBRO,2023,"VAREVOGNE (MAX. 3,5 t)",284
29,LANGEBRO,2016,A+B: KØRETØJER I ALT,4040
29,LANGEBRO,2016,A: LET TRAFIK I ALT,3805
29,LANGEBRO,2016,B: TUNG TRAFIK I ALT,235
29,LANGEBRO,2016,CYKLER + KNALLERTER,5077
29,LANGEBRO,2016,CYKLER + KNALLERTER I ALT,5157
29,LANGEBRO,2016,LADCYKLER,80
29,LANGEBRO,2016,LASTBILER,155
29,LANGEBRO,2016,PERSONBILER + MC,3238
29,LANGEBRO,2016,"VAREVOGNE (MAX. 3,5 t)",567
29,LANGEBRO,2017,A+B: KØRETØJER I ALT,4177
29,LANGEBRO,2017,A: LET TRAFIK I ALT,3955
29,LANGEBRO,2017,B: TUNG TRAFIK I ALT,222
29,LANGEBRO,2017,CYKLER + KNALLERTER,4736
29,LANGEBRO,2017,CYKLER + KNALLERTER I ALT,4843
29,LANGEBRO,2017,LADCYKLER,107
29,LANGEBRO,2017,LASTBILER,146
29,LANGEBRO,2017,PERSONBILER + MC,3374
29,LANGEBRO,2017,"VAREVOGNE (MAX. 3,5 t)",581
29,LANGEBRO,2018,A+B: KØRETØJER I ALT,4128
29,LANGEBRO,2018,A: LET TRAFIK I ALT,3941
29,LANGEBRO,2018,B: TUNG TRAFIK I ALT,187
29,LANGEBRO,2018,CYKLER + KNALLERTER,5377
29,LANGEBRO,2018,CYKLER + KNALLERTER I ALT,5487
29,LANGEBRO,2018,LADCYKLER,110
29,LANGEBRO,2018,LASTBILER,123
29,LANGEBRO,2018,PERSONBILER + MC,3307
29,LANGEBRO,2018,"VAREVOGNE (MAX. 3,5 t)",634
29,LANGEBRO,2019,A+B: KØRETØJER I ALT,3978
29,LANGEBRO,2019,A: LET TRAFIK I ALT,3824
29,LANGEBRO,2019,B: TUNG TRAFIK I ALT,154
29,LANGEBRO,2019,CYKLER + KNALLERTER,3266
29,LANGEBRO,2019,CYKLER + KNALLERTER I ALT,3336
29,LANGEBRO,2019,LADCYKLER,70
29,LANGEBRO,2019,LASTBILER,84
29,LANGEBRO,2019,PERSONBILER + MC,3267
29,LANGEBRO,2019,"VAREVOGNE (MAX. 3,5 t)",557
29,LANGEBRO,2020,A+B: KØRETØJER I ALT,4143
29,LANGEBRO,2020,A: LET TRAFIK I ALT,3958
29,LANGEBRO,2020,B: TUNG TRAFIK I ALT,185
29,LANGEBRO,2020,CYKLER + KNALLERTER,3742
29,LANGEBRO,2020,CYKLER + KNALLERTER I ALT,3843
29,LANGEBRO,2020,LADCYKLER,101
29,LANGEBRO,2020,LASTBILER,115
29,LANGEBRO,2020,PERSONBILER + MC,3357
29,LANGEBRO,2020,"VAREVOGNE (MAX. 3,5 t)",601
29,LANGEBRO,2021,A+B: KØRETØJER I ALT,3620
29,LANGEBRO,2021,A: LET TRAFIK I ALT,3446
29,LANGEBRO,2021,B: TUNG TRAFIK I ALT,174
29,LANGEBRO,2021,CYKLER + KNALLERTER,3408
29,LANGEBRO,2021,CYKLER + KNALLERTER I ALT,3526
29,LANGEBRO,2021,LADCYKLER,118
29,LANGEBRO,2021,LASTBILER,107
29,LANGEBRO,2021,PERSONBILER + MC,2969
29,LANGEBRO,2021,"VAREVOGNE (MAX. 3,5 t)",477
29,LANGEBRO,2022,A+B: KØRETØJER I ALT,3861
29,LANGEBRO,2022,A: LET TRAFIK I ALT,3739
29,LANGEBRO,2022,B: TUNG TRAFIK I ALT,122
29,LANGEBRO,2022,CYKLER + KNALLERTER,3272
29,LANGEBRO,2022,CYKLER + KNALLERTER I ALT,3437
29,LANGEBRO,2022,LADCYKLER,165
29,LANGEBRO,2022,LASTBILER,65
29,LANGEBRO,2022,PERSONBILER + MC,3211
29,LANGEBRO,2022,"VAREVOGNE (MAX. 3,5 t)",528
29,LANGEBRO,2023,A+B: KØRETØJER I ALT,3497
29,LANGEBRO,2023,A: LET TRAFIK I ALT,3327
29,LANGEBRO,2023,B: TUNG TRAFIK I ALT,170
29,LANGEBRO,2023,CYKLER + KNALLERTER,3821
29,LANGEBRO,2023,CYKLER + KNALLERTER I ALT,4016
29,LANGEBRO,2023,LADCYKLER,195
29,LANGEBRO,2023,LASTBILER,99
29,LANGEBRO,2023,PERSONBILER + MC,2844
29,LANGEBRO,2023,"VAREVOGNE (MAX. 3,5 t)",483
29,LANGEBRO ,2014,A+B: KØRETØJER I ALT,4167
29,LANGEBRO ,2014,A: LET TRAFIK I ALT,4000
29,LANGEBRO ,2014,B: TUNG TRAFIK I ALT,167
29,LANGEBRO ,2014,CYKLER + KNALLERTER,4580
29,LANGEBRO ,2014,CYKLER + KNALLERTER I ALT,4628
29,LANGEBRO ,2014,LADCYKLER,48
29,LANGEBRO ,2014,LASTBILER,81
29,LANGEBRO ,2014,PERSONBILER + MC,3311
29,LANGEBRO ,2014,"VAREVOGNE (MAX. 3,5 t)",689
29,LANGEBRO ,2015,A+B: KØRETØJER I ALT,4432
29,LANGEBRO ,2015,A: LET TRAFIK I ALT,4234
29,LANGEBRO ,2015,B: TUNG TRAFIK I ALT,198
29,LANGEBRO ,2015,CYKLER + KNALLERTER,4716
29,LANGEBRO ,2015,CYKLER + KNALLERTER I ALT,4791
29,LANGEBRO ,2015,LADCYKLER,75
29,LANGEBRO ,2015,LASTBILER,122
29,LANGEBRO ,2015,PERSONBILER + MC,3640
29,LANGEBRO ,2015,"VAREVOGNE (MAX. 3,5 t)",594
42,STRANDBOULEVARDEN n.f. Classensgade,2013,A+B: KØRETØJER I ALT,875
42,STRANDBOULEVARDEN n.f. Classensgade,2013,A: LET TRAFIK I ALT,853
42,STRANDBOULEVARDEN n.f. Classensgade,2013,B: TUNG TRAFIK I ALT,22
42,STRANDBOULEVARDEN n.f. Classensgade,2013,CYKLER + KNALLERTER,498
42,STRANDBOULEVARDEN n.f. Classensgade,2013,CYKLER + KNALLERTER I ALT,508
42,STRANDBOULEVARDEN n.f. Classensgade,2013,LADCYKLER,10
42,STRANDBOULEVARDEN n.f. Classensgade,2013,LASTBILER,13
42,STRANDBOULEVARDEN n.f. Classensgade,2013,PERSONBILER + MC,733
42,STRANDBOULEVARDEN n.f. Classensgade,2013,"VAREVOGNE (MAX. 3,5 t)",120
42,STRANDBOULEVARDEN n.f. Classensgade,2014,A+B: KØRETØJER I ALT,837
42,STRANDBOULEVARDEN n.f. Classensgade,2014,A: LET TRAFIK I ALT,815
42,STRANDBOULEVARDEN n.f. Classensgade,2014,B: TUNG TRAFIK I ALT,22
42,STRANDBOULEVARDEN n.f. Classensgade,2014,CYKLER + KNALLERTER,533
42,STRANDBOULEVARDEN n.f. Classensgade,2014,CYKLER + KNALLERTER I ALT,548
42,STRANDBOULEVARDEN n.f. Classensgade,2014,LADCYKLER,15
42,STRANDBOULEVARDEN n.f. Classensgade,2014,LASTBILER,14
42,STRANDBOULEVARDEN n.f. Classensgade,2014,PERSONBILER + MC,685
42,STRANDBOULEVARDEN n.f. Classensgade,2014,"VAREVOGNE (MAX. 3,5 t)",130
42,STRANDBOULEVARDEN n.f. Classensgade,2015,A+B: KØRETØJER I ALT,807
42,STRANDBOULEVARDEN n.f. Classensgade,2015,A: LET TRAFIK I ALT,779
42,STRANDBOULEVARDEN n.f. Classensgade,2015,B: TUNG TRAFIK I ALT,28
42,STRANDBOULEVARDEN n.f. Classensgade,2015,CYKLER + KNALLERTER,559
42,STRANDBOULEVARDEN n.f. Classensgade,2015,CYKLER + KNALLERTER I ALT,580
42,STRANDBOULEVARDEN n.f. Classensgade,2015,LADCYKLER,21
42,STRANDBOULEVARDEN n.f. Classensgade,2015,LASTBILER,18
42,STRANDBOULEVARDEN n.f. Classensgade,2015,PERSONBILER + MC,653
42,STRANDBOULEVARDEN n.f. Classensgade,2015,"VAREVOGNE (MAX. 3,5 t)",126
42,STRANDBOULEVARDEN n.f. Classensgade,2016,A+B: KØRETØJER I ALT,737
42,STRANDBOULEVARDEN n.f. Classensgade,2016,A: LET TRAFIK I ALT,710
42,STRANDBOULEVARDEN n.f. Classensgade,2016,B: TUNG TRAFIK I ALT,27
42,STRANDBOULEVARDEN n.f. Classensgade,2016,CYKLER + KNALLERTER,619
42,STRANDBOULEVARDEN n.f. Classensgade,2016,CYKLER + KNALLERTER I ALT,636
42,STRANDBOULEVARDEN n.f. Classensgade,2016,LADCYKLER,17
42,STRANDBOULEVARDEN n.f. Classensgade,2016,LASTBILER,17
42,STRANDBOULEVARDEN n.f. Classensgade,2016,PERSONBILER + MC,590
42,STRANDBOULEVARDEN n.f. Classensgade,2016,"VAREVOGNE (MAX. 3,5 t)",120
42,STRANDBOULEVARDEN n.f. Classensgade,2017,A+B: KØRETØJER I ALT,725
42,STRANDBOULEVARDEN n.f. Classensgade,2017,A: LET TRAFIK I ALT,705
42,STRANDBOULEVARDEN n.f. Classensgade,2017,B: TUNG TRAFIK I ALT,20
42,STRANDBOULEVARDEN n.f. Classensgade,2017,CYKLER + KNALLERTER,544
42,STRANDBOULEVARDEN n.f. Classensgade,2017,CYKLER + KNALLERTER I ALT,560
42,STRANDBOULEVARDEN n.f. Classensgade,2017,LADCYKLER,16
42,STRANDBOULEVARDEN n.f. Classensgade,2017,LASTBILER,13
42,STRANDBOULEVARDEN n.f. Classensgade,2017,PERSONBILER + MC,593
42,STRANDBOULEVARDEN n.f. Classensgade,2017,"VAREVOGNE (MAX. 3,5 t)",112
42,STRANDBOULEVARDEN n.f. Classensgade,2018,A+B: KØRETØJER I ALT,797
42,STRANDBOULEVARDEN n.f. Classensgade,2018,A: LET TRAFIK I ALT,778
42,STRANDBOULEVARDEN n.f. Classensgade,2018,B: TUNG TRAFIK I ALT,19
42,STRANDBOULEVARDEN n.f. Classensgade,2018,CYKLER + KNALLERTER,546
42,STRANDBOULEVARDEN n.f. Classensgade,2018,CYKLER + KNALLERTER I ALT,558
42,STRANDBOULEVARDEN n.f. Classensgade,2018,LADCYKLER,12
42,STRANDBOULEVARDEN n.f. Classensgade,2018,LASTBILER,11
42,STRANDBOULEVARDEN n.f. Classensgade,2018,PERSONBILER + MC,640
42,STRANDBOULEVARDEN n.f. Classensgade,2018,"VAREVOGNE (MAX. 3,5 t)",138
42,STRANDBOULEVARDEN n.f. Classensgade,2019,A+B: KØRETØJER I ALT,766
42,STRANDBOULEVARDEN n.f. Classensgade,2019,A: LET TRAFIK I ALT,727
42,STRANDBOULEVARDEN n.f. Classensgade,2019,B: TUNG TRAFIK I ALT,39
42,STRANDBOULEVARDEN n.f. Classensgade,2019,CYKLER + KNALLERTER,474
42,STRANDBOULEVARDEN n.f. Classensgade,2019,CYKLER + KNALLERTER I ALT,492
42,STRANDBOULEVARDEN n.f. Classensgade,2019,LADCYKLER,18
42,STRANDBOULEVARDEN n.f. Classensgade,2019,LASTBILER,28
42,STRANDBOULEVARDEN n.f. Classensgade,2019,PERSONBILER + MC,603
42,STRANDBOULEVARDEN n.f. Classensgade,2019,"VAREVOGNE (MAX. 3,5 t)",124
42,STRANDBOULEVARDEN n.f. Classensgade,2020,A+B: KØRETØJER I ALT,755
42,STRANDBOULEVARDEN n.f. Classensgade,2020,A: LET TRAFIK I ALT,734
42,STRANDBOULEVARDEN n.f. Classensgade,2020,B: TUNG TRAFIK I ALT,21
42,STRANDBOULEVARDEN n.f. Classensgade,2020,CYKLER + KNALLERTER,550
42,STRANDBOULEVARDEN n.f. Classensgade,2020,CYKLER + KNALLERTER I ALT,567
42,STRANDBOULEVARDEN n.f. Classensgade,2020,LADCYKLER,17
42,STRANDBOULEVARDEN n.f. Classensgade,2020,LASTBILER,17
42,STRANDBOULEVARDEN n.f. Classensgade,2020,PERSONBILER + MC,610
42,STRANDBOULEVARDEN n.f. Classensgade,2020,"VAREVOGNE (MAX. 3,5 t)",124
42,STRANDBOULEVARDEN n.f. Classensgade,2021,A+B: KØRETØJER I ALT,1167
42,STRANDBOULEVARDEN n.f. Classensgade,2021,A: LET TRAFIK I ALT,1133
42,STRANDBOULEVARDEN n.f. Classensgade,2021,B: TUNG TRAFIK I ALT,34
42,STRANDBOULEVARDEN n.f. Classensgade,2021,CYKLER + KNALLERTER,387
42,STRANDBOULEVARDEN n.f. Classensgade,2021,CYKLER + KNALLERTER I ALT,407
42,STRANDBOULEVARDEN n.f. Classensgade,2021,LADCYKLER,20
42,STRANDBOULEVARDEN n.f. Classensgade,2021,LASTBILER,25
42,STRANDBOULEVARDEN n.f. Classensgade,2021,PERSONBILER + MC,973
42,STRANDBOULEVARDEN n.f. Classensgade,2021,"VAREVOGNE (MAX. 3,5 t)",160
42,STRANDBOULEVARDEN n.f. Classensgade,2022,A+B: KØRETØJER I ALT,684
42,STRANDBOULEVARDEN n.f. Classensgade,2022,A: LET TRAFIK I ALT,652
42,STRANDBOULEVARDEN n.f. Classensgade,2022,B: TUNG TRAFIK I ALT,32
42,STRANDBOULEVARDEN n.f. Classensgade,2022,CYKLER + KNALLERTER,435
42,STRANDBOULEVARDEN n.f. Classensgade,2022,CYKLER + KNALLERTER I ALT,463
42,STRANDBOULEVARDEN n.f. Classensgade,2022,LADCYKLER,28
42,STRANDBOULEVARDEN n.f. Classensgade,2022,LASTBILER,23
42,STRANDBOULEVARDEN n.f. Classensgade,2022,PERSONBILER + MC,556
42,STRANDBOULEVARDEN n.f. Classensgade,2022,"VAREVOGNE (MAX. 3,5 t)",96
42,STRANDBOULEVARDEN n.f. Classensgade,2023,A+B: KØRETØJER I ALT,663
42,STRANDBOULEVARDEN n.f. Classensgade,2023,A: LET TRAFIK I ALT,639
42,STRANDBOULEVARDEN n.f. Classensgade,2023,B: TUNG TRAFIK I ALT,24
42,STRANDBOULEVARDEN n.f. Classensgade,2023,CYKLER + KNALLERTER,437
42,STRANDBOULEVARDEN n.f. Classensgade,2023,CYKLER + KNALLERTER I ALT,463
42,STRANDBOULEVARDEN n.f. Classensgade,2023,LADCYKLER,26
42,STRANDBOULEVARDEN n.f. Classensgade,2023,LASTBILER,10
42,STRANDBOULEVARDEN n.f. Classensgade,2023,PERSONBILER + MC,542
42,STRANDBOULEVARDEN n.f. Classensgade,2023,"VAREVOGNE (MAX. 3,5 t)",97
57,ØSTBANEGADE n.f. Classensgade,2013,A+B: KØRETØJER I ALT,142
57,ØSTBANEGADE n.f. Classensgade,2013,A: LET TRAFIK I ALT,140
57,ØSTBANEGADE n.f. Classensgade,2013,B: TUNG TRAFIK I ALT,2
57,ØSTBANEGADE n.f. Classensgade,2013,BUSSER,0
57,ØSTBANEGADE n.f. Classensgade,2013,CYKLER + KNALLERTER,223
57,ØSTBANEGADE n.f. Classensgade,2013,CYKLER + KNALLERTER I ALT,223
57,ØSTBANEGADE n.f. Classensgade,2013,LADCYKLER,4
57,ØSTBANEGADE n.f. Classensgade,2013,LASTBILER,2
57,ØSTBANEGADE n.f. Classensgade,2013,PERSONBILER + MC,119
57,ØSTBANEGADE n.f. Classensgade,2013,"VAREVOGNE (MAX. 3,5 t)",21
57,ØSTBANEGADE n.f. Classensgade,2014,A+B: KØRETØJER I ALT,96
57,ØSTBANEGADE n.f. Classensgade,2014,A: LET TRAFIK I ALT,91
57,ØSTBANEGADE n.f. Classensgade,2014,B: TUNG TRAFIK I ALT,5
57,ØSTBANEGADE n.f. Classensgade,2014,BUSSER,1
57,ØSTBANEGADE n.f. Classensgade,2014,CYKLER + KNALLERTER,188
57,ØSTBANEGADE n.f. Classensgade,2014,CYKLER + KNALLERTER I ALT,188
57,ØSTBANEGADE n.f. Classensgade,2014,LADCYKLER,0
57,ØSTBANEGADE n.f. Classensgade,2014,LASTBILER,4
57,ØSTBANEGADE n.f. Classensgade,2014,PERSONBILER + MC,78
57,ØSTBANEGADE n.f. Classensgade,2014,"VAREVOGNE (MAX. 3,5 t)",13
57,ØSTBANEGADE n.f. Classensgade,2015,A+B: KØRETØJER I ALT,79
57,ØSTBANEGADE n.f. Classensgade,2015,A: LET TRAFIK I ALT,72
57,ØSTBANEGADE n.f. Classensgade,2015,B: TUNG TRAFIK I ALT,7
57,ØSTBANEGADE n.f. Classensgade,2015,BUSSER,1
57,ØSTBANEGADE n.f. Classensgade,2015,CYKLER + KNALLERTER,250
57,ØSTBANEGADE n.f. Classensgade,2015,CYKLER + KNALLERTER I ALT,250
57,ØSTBANEGADE n.f. Classensgade,2015,LADCYKLER,0
57,ØSTBANEGADE n.f. Classensgade,2015,LASTBILER,6
57,ØSTBANEGADE n.f. Classensgade,2015,PERSONBILER + MC,60
57,ØSTBANEGADE n.f. Classensgade,2015,"VAREVOGNE (MAX. 3,5 t)",12
57,ØSTBANEGADE n.f. Classensgade,2016,A+B: KØRETØJER I ALT,64
57,ØSTBANEGADE n.f. Classensgade,2016,A: LET TRAFIK I ALT,55
57,ØSTBANEGADE n.f. Classensgade,2016,B: TUNG TRAFIK I ALT,9
57,ØSTBANEGADE n.f. Classensgade,2016,BUSSER,0
57,ØSTBANEGADE n.f. Classensgade,2016,CYKLER + KNALLERTER,349
57,ØSTBANEGADE n.f. Classensgade,2016,CYKLER + KNALLERTER I ALT,349
57,ØSTBANEGADE n.f. Classensgade,2016,LADCYKLER,0
57,ØSTBANEGADE n.f. Classensgade,2016,LASTBILER,9
57,ØSTBANEGADE n.f. Classensgade,2016,PERSONBILER + MC,42
57,ØSTBANEGADE n.f. Classensgade,2016,"VAREVOGNE (MAX. 3,5 t)",13
57,ØSTBANEGADE n.f. Classensgade,2017,A+B: KØRETØJER I ALT,61
57,ØSTBANEGADE n.f. Classensgade,2017,A: LET TRAFIK I ALT,57
57,ØSTBANEGADE n.f. Classensgade,2017,B: TUNG TRAFIK I ALT,4
57,ØSTBANEGADE n.f. Classensgade,2017,BUSSER,0
57,ØSTBANEGADE n.f. Classensgade,2017,CYKLER + KNALLERTER,339
57,ØSTBANEGADE n.f. Classensgade,2017,CYKLER + KNALLERTER I ALT,339
57,ØSTBANEGADE n.f. Classensgade,2017,LADCYKLER,0
57,ØSTBANEGADE n.f. Classensgade,2017,LASTBILER,4
57,ØSTBANEGADE n.f. Classensgade,2017,PERSONBILER + MC,48
57,ØSTBANEGADE n.f. Classensgade,2017,"VAREVOGNE (MAX. 3,5 t)",9
57,ØSTBANEGADE n.f. Classensgade,2018,A+B: KØRETØJER I ALT,50
57,ØSTBANEGADE n.f. Classensgade,2018,A: LET TRAFIK I ALT,48
57,ØSTBANEGADE n.f. Classensgade,2018,B: TUNG TRAFIK I ALT,2
57,ØSTBANEGADE n.f. Classensgade,2018,BUSSER,1
57,ØSTBANEGADE n.f. Classensgade,2018,CYKLER + KNALLERTER,413
57,ØSTBANEGADE n.f. Classensgade,2018,CYKLER + KNALLERTER I ALT,413
57,ØSTBANEGADE n.f. Classensgade,2018,LADCYKLER,4
57,ØSTBANEGADE n.f. Classensgade,2018,LASTBILER,1
57,ØSTBANEGADE n.f. Classensgade,2018,PERSONBILER + MC,32
57,ØSTBANEGADE n.f. Classensgade,2018,"VAREVOGNE (MAX. 3,5 t)",16
57,ØSTBANEGADE n.f. Classensgade,2019,A+B: KØRETØJER I ALT,37
57,ØSTBANEGADE n.f. Classensgade,2019,A: LET TRAFIK I ALT,37
57,ØSTBANEGADE n.f. Classensgade,2019,B: TUNG TRAFIK I ALT,0
57,ØSTBANEGADE n.f. Classensgade,2019,BUSSER,0
57,ØSTBANEGADE n.f. Classensgade,2019,CYKLER + KNALLERTER,462
57,ØSTBANEGADE n.f. Classensgade,2019,CYKLER + KNALLERTER I ALT,471
57,ØSTBANEGADE n.f. Classensgade,2019,LADCYKLER,9
57,ØSTBANEGADE n.f. Classensgade,2019,LASTBILER,0
57,ØSTBANEGADE n.f. Classensgade,2019,PERSONBILER + MC,24
57,ØSTBANEGADE n.f. Classensgade,2019,"VAREVOGNE (MAX. 3,5 t)",13
57,ØSTBANEGADE n.f. Classensgade,2020,A+B: KØRETØJER I ALT,39
57,ØSTBANEGADE n.f. Classensgade,2020,A: LET TRAFIK I ALT,32
57,ØSTBANEGADE n.f. Classensgade,2020,B: TUNG TRAFIK I ALT,7
57,ØSTBANEGADE n.f. Classensgade,2020,BUSSER,2
57,ØSTBANEGADE n.f. Classensgade,2020,CYKLER + KNALLERTER,336
57,ØSTBANEGADE n.f. Classensgade,2020,CYKLER + KNALLERTER I ALT,347
57,ØSTBANEGADE n.f. Classensgade,2020,LADCYKLER,11
57,ØSTBANEGADE n.f. Classensgade,2020,LASTBILER,5
57,ØSTBANEGADE n.f. Classensgade,2020,PERSONBILER + MC,28
57,ØSTBANEGADE n.f. Classensgade,2020,"VAREVOGNE (MAX. 3,5 t)",4
57,ØSTBANEGADE n.f. Classensgade,2021,A+B: KØRETØJER I ALT,85
57,ØSTBANEGADE n.f. Classensgade,2021,A: LET TRAFIK I ALT,81
57,ØSTBANEGADE n.f. Classensgade,2021,B: TUNG TRAFIK I ALT,4
57,ØSTBANEGADE n.f. Classensgade,2021,BUSSER,1
57,ØSTBANEGADE n.f. Classensgade,2021,CYKLER + KNALLERTER,274
57,ØSTBANEGADE n.f. Classensgade,2021,CYKLER + KNALLERTER I ALT,288
57,ØSTBANEGADE n.f. Classensgade,2021,LADCYKLER,14
57,ØSTBANEGADE n.f. Classensgade,2021,LASTBILER,3
57,ØSTBANEGADE n.f. Classensgade,2021,PERSONBILER + MC,61
57,ØSTBANEGADE n.f. Classensgade,2021,"VAREVOGNE (MAX. 3,5 t)",20
57,ØSTBANEGADE n.f. Classensgade,2022,A+B: KØRETØJER I ALT,64
57,ØSTBANEGADE n.f. Classensgade,2022,A: LET TRAFIK I ALT,62
57,ØSTBANEGADE n.f. Classensgade,2022,B: TUNG TRAFIK I ALT,2
57,ØSTBANEGADE n.f. Classensgade,2022,BUSSER,0
57,ØSTBANEGADE n.f. Classensgade,2022,CYKLER + KNALLERTER,345
57,ØSTBANEGADE n.f. Classensgade,2022,CYKLER + KNALLERTER I ALT,368
57,ØSTBANEGADE n.f. Classensgade,2022,LADCYKLER,23
57,ØSTBANEGADE n.f. Classensgade,2022,LASTBILER,2
57,ØSTBANEGADE n.f. Classensgade,2022,PERSONBILER + MC,47
57,ØSTBANEGADE n.f. Classensgade,2022,"VAREVOGNE (MAX. 3,5 t)",14
57,ØSTBANEGADE n.f. Classensgade,2023,A+B: KØRETØJER I ALT,77
57,ØSTBANEGADE n.f. Classensgade,2023,A: LET TRAFIK I ALT,73
57,ØSTBANEGADE n.f. Classensgade,2023,B: TUNG TRAFIK I ALT,4
57,ØSTBANEGADE n.f. Classensgade,2023,BUSSER,1
57,ØSTBANEGADE n.f. Classensgade,2023,CYKLER + KNALLERTER,419
57,ØSTBANEGADE n.f. Classensgade,2023,CYKLER + KNALLERTER I ALT,452
57,ØSTBANEGADE n.f. Classensgade,2023,LADCYKLER,33
57,ØSTBANEGADE n.f. Classensgade,2023,LASTBILER,3
57,ØSTBANEGADE n.f. Classensgade,2023,PERSONBILER + MC,61
57,ØSTBANEGADE n.f. Classensgade,2023,"VAREVOGNE (MAX. 3,5 t)",12
59,ØSTERBROGADE n.f. Classensgade,2014,A+B: KØRETØJER I ALT,1681
59,ØSTERBROGADE n.f. Classensgade,2014,A: LET TRAFIK I ALT,1600
59,ØSTERBROGADE n.f. Classensgade,2014,B: TUNG TRAFIK I ALT,81
59,ØSTERBROGADE n.f. Classensgade,2014,CYKLER + KNALLERTER,3023
59,ØSTERBROGADE n.f. Classensgade,2014,CYKLER + KNALLERTER I ALT,3106
59,ØSTERBROGADE n.f. Classensgade,2014,LADCYKLER,83
59,ØSTERBROGADE n.f. Classensgade,2014,LASTBILER,41
59,ØSTERBROGADE n.f. Classensgade,2014,PERSONBILER + MC,1359
59,ØSTERBROGADE n.f. Classensgade,2014,"VAREVOGNE (MAX. 3,5 t)",241
59,ØSTERBROGADE n.f. Classensgade,2015,A+B: KØRETØJER I ALT,1696
59,ØSTERBROGADE n.f. Classensgade,2015,A: LET TRAFIK I ALT,1640
59,ØSTERBROGADE n.f. Classensgade,2015,B: TUNG TRAFIK I ALT,56
59,ØSTERBROGADE n.f. Classensgade,2015,CYKLER + KNALLERTER,2838
59,ØSTERBROGADE n.f. Classensgade,2015,CYKLER + KNALLERTER I ALT,2946
59,ØSTERBROGADE n.f. Classensgade,2015,LADCYKLER,108
59,ØSTERBROGADE n.f. Classensgade,2015,LASTBILER,20
59,ØSTERBROGADE n.f. Classensgade,2015,PERSONBILER + MC,1400
59,ØSTERBROGADE n.f. Classensgade,2015,"VAREVOGNE (MAX. 3,5 t)",240
59,ØSTERBROGADE n.f. Classensgade,2016,A+B: KØRETØJER I ALT,1690
59,ØSTERBROGADE n.f. Classensgade,2016,A: LET TRAFIK I ALT,1612
59,ØSTERBROGADE n.f. Classensgade,2016,B: TUNG TRAFIK I ALT,78
59,ØSTERBROGADE n.f. Classensgade,2016,CYKLER + KNALLERTER,2985
59,ØSTERBROGADE n.f. Classensgade,2016,CYKLER + KNALLERTER I ALT,3093
59,ØSTERBROGADE n.f. Classensgade,2016,LADCYKLER,108
59,ØSTERBROGADE n.f. Classensgade,2016,LASTBILER,35
59,ØSTERBROGADE n.f. Classensgade,2016,PERSONBILER + MC,1391
59,ØSTERBROGADE n.f. Classensgade,2016,"VAREVOGNE (MAX. 3,5 t)",221
59,ØSTERBROGADE n.f. Classensgade,2017,A+B: KØRETØJER I ALT,1623
59,ØSTERBROGADE n.f. Classensgade,2017,A: LET TRAFIK I ALT,1553
59,ØSTERBROGADE n.f. Classensgade,2017,B: TUNG TRAFIK I ALT,70
59,ØSTERBROGADE n.f. Classensgade,2017,CYKLER + KNALLERTER,2919
59,ØSTERBROGADE n.f. Classensgade,2017,CYKLER + KNALLERTER I ALT,3026
59,ØSTERBROGADE n.f. Classensgade,2017,LADCYKLER,107
59,ØSTERBROGADE n.f. Classensgade,2017,LASTBILER,27
59,ØSTERBROGADE n.f. Classensgade,2017,PERSONBILER + MC,1326
59,ØSTERBROGADE n.f. Classensgade,2017,"VAREVOGNE (MAX. 3,5 t)",227
59,ØSTERBROGADE n.f. Classensgade,2018,A+B: KØRETØJER I ALT,1596
59,ØSTERBROGADE n.f. Classensgade,2018,A: LET TRAFIK I ALT,1530
59,ØSTERBROGADE n.f. Classensgade,2018,B: TUNG TRAFIK I ALT,66
59,ØSTERBROGADE n.f. Classensgade,2018,CYKLER + KNALLERTER,2994
59,ØSTERBROGADE n.f. Classensgade,2018,CYKLER + KNALLERTER I ALT,3114
59,ØSTERBROGADE n.f. Classensgade,2018,LADCYKLER,120
59,ØSTERBROGADE n.f. Classensgade,2018,LASTBILER,25
59,ØSTERBROGADE n.f. Classensgade,2018,PERSONBILER + MC,1312
59,ØSTERBROGADE n.f. Classensgade,2018,"VAREVOGNE (MAX. 3,5 t)",218
59,ØSTERBROGADE n.f. Classensgade,2019,A+B: KØRETØJER I ALT,1616
59,ØSTERBROGADE n.f. Classensgade,2019,A: LET TRAFIK I ALT,1558
59,ØSTERBROGADE n.f. Classensgade,2019,B: TUNG TRAFIK I ALT,58
59,ØSTERBROGADE n.f. Classensgade,2019,CYKLER + KNALLERTER,2985
59,ØSTERBROGADE n.f. Classensgade,2019,CYKLER + KNALLERTER I ALT,3094
59,ØSTERBROGADE n.f. Classensgade,2019,LADCYKLER,109
59,ØSTERBROGADE n.f. Classensgade,2019,LASTBILER,22
59,ØSTERBROGADE n.f. Classensgade,2019,PERSONBILER + MC,1357
59,ØSTERBROGADE n.f. Classensgade,2019,"VAREVOGNE (MAX. 3,5 t)",201
59,ØSTERBROGADE n.f. Classensgade,2020,A+B: KØRETØJER I ALT,1465
59,ØSTERBROGADE n.f. Classensgade,2020,A: LET TRAFIK I ALT,1420
59,ØSTERBROGADE n.f. Classensgade,2020,B: TUNG TRAFIK I ALT,45
59,ØSTERBROGADE n.f. Classensgade,2020,CYKLER + KNALLERTER,2334
59,ØSTERBROGADE n.f. Classensgade,2020,CYKLER + KNALLERTER I ALT,2464
59,ØSTERBROGADE n.f. Classensgade,2020,LADCYKLER,130
59,ØSTERBROGADE n.f. Classensgade,2020,LASTBILER,24
59,ØSTERBROGADE n.f. Classensgade,2020,PERSONBILER + MC,1215
59,ØSTERBROGADE n.f. Classensgade,2020,"VAREVOGNE (MAX. 3,5 t)",205
59,ØSTERBROGADE n.f. Classensgade,2021,A+B: KØRETØJER I ALT,524
59,ØSTERBROGADE n.f. Classensgade,2021,A: LET TRAFIK I ALT,514
59,ØSTERBROGADE n.f. Classensgade,2021,B: TUNG TRAFIK I ALT,10
59,ØSTERBROGADE n.f. Classensgade,2021,CYKLER + KNALLERTER,2067
59,ØSTERBROGADE n.f. Classensgade,2021,CYKLER + KNALLERTER I ALT,2195
59,ØSTERBROGADE n.f. Classensgade,2021,LADCYKLER,128
59,ØSTERBROGADE n.f. Classensgade,2021,LASTBILER,5
59,ØSTERBROGADE n.f. Classensgade,2021,PERSONBILER + MC,467
59,ØSTERBROGADE n.f. Classensgade,2021,"VAREVOGNE (MAX. 3,5 t)",47
59,ØSTERBROGADE n.f. Classensgade,2022,A+B: KØRETØJER I ALT,1241
59,ØSTERBROGADE n.f. Classensgade,2022,A: LET TRAFIK I ALT,1204
59,ØSTERBROGADE n.f. Classensgade,2022,B: TUNG TRAFIK I ALT,37
59,ØSTERBROGADE n.f. Classensgade,2022,CYKLER + KNALLERTER,2834
59,ØSTERBROGADE n.f. Classensgade,2022,CYKLER + KNALLERTER I ALT,3009
59,ØSTERBROGADE n.f. Classensgade,2022,LADCYKLER,175
59,ØSTERBROGADE n.f. Classensgade,2022,LASTBILER,30
59,ØSTERBROGADE n.f. Classensgade,2022,PERSONBILER + MC,1051
59,ØSTERBROGADE n.f. Classensgade,2022,"VAREVOGNE (MAX. 3,5 t)",153
59,ØSTERBROGADE n.f. Classensgade,2023,A+B: KØRETØJER I ALT,1328
59,ØSTERBROGADE n.f. Classensgade,2023,A: LET TRAFIK I ALT,1306
59,ØSTERBROGADE n.f. Classensgade,2023,B: TUNG TRAFIK I ALT,22
59,ØSTERBROGADE n.f. Classensgade,2023,CYKLER + KNALLERTER,2922
59,ØSTERBROGADE n.f. Classensgade,2023,CYKLER + KNALLERTER I ALT,3160
59,ØSTERBROGADE n.f. Classensgade,2023,LADCYKLER,238
59,ØSTERBROGADE n.f. Classensgade,2023,LASTBILER,17
59,ØSTERBROGADE n.f. Classensgade,2023,PERSONBILER + MC,1136
59,ØSTERBROGADE n.f. Classensgade,2023,"VAREVOGNE (MAX. 3,5 t)",170
69,FREDENSBRO,2016,A+B: KØRETØJER I ALT,3306
69,FREDENSBRO,2016,A: LET TRAFIK I ALT,3180
69,FREDENSBRO,2016,B: TUNG TRAFIK I ALT,126
69,FREDENSBRO,2016,CYKLER + KNALLERTER,2963
69,FREDENSBRO,2016,CYKLER + KNALLERTER I ALT,3040
69,FREDENSBRO,2016,LADCYKLER,77
69,FREDENSBRO,2016,LASTBILER,44
69,FREDENSBRO,2016,PERSONBILER + MC,2778
69,FREDENSBRO,2016,"VAREVOGNE (MAX. 3,5 t)",402
69,FREDENSBRO,2017,A+B: KØRETØJER I ALT,3287
69,FREDENSBRO,2017,A: LET TRAFIK I ALT,3150
69,FREDENSBRO,2017,B: TUNG TRAFIK I ALT,137
69,FREDENSBRO,2017,CYKLER + KNALLERTER,2926
69,FREDENSBRO,2017,CYKLER + KNALLERTER I ALT,2970
69,FREDENSBRO,2017,LADCYKLER,44
69,FREDENSBRO,2017,LASTBILER,44
69,FREDENSBRO,2017,PERSONBILER + MC,2726
69,FREDENSBRO,2017,"VAREVOGNE (MAX. 3,5 t)",424
69,FREDENSBRO,2018,A+B: KØRETØJER I ALT,3107
69,FREDENSBRO,2018,A: LET TRAFIK I ALT,2973
69,FREDENSBRO,2018,B: TUNG TRAFIK I ALT,134
69,FREDENSBRO,2018,CYKLER + KNALLERTER,2992
69,FREDENSBRO,2018,CYKLER + KNALLERTER I ALT,3080
69,FREDENSBRO,2018,LADCYKLER,88
69,FREDENSBRO,2018,LASTBILER,31
69,FREDENSBRO,2018,PERSONBILER + MC,2602
69,FREDENSBRO,2018,"VAREVOGNE (MAX. 3,5 t)",371
69,FREDENSBRO,2019,A+B: KØRETØJER I ALT,2805
69,FREDENSBRO,2019,A: LET TRAFIK I ALT,2668
69,FREDENSBRO,2019,B: TUNG TRAFIK I ALT,137
69,FREDENSBRO,2019,CYKLER + KNALLERTER,2876
69,FREDENSBRO,2019,CYKLER + KNALLERTER I ALT,2968
69,FREDENSBRO,2019,LADCYKLER,92
69,FREDENSBRO,2019,LASTBILER,41
69,FREDENSBRO,2019,PERSONBILER + MC,2342
69,FREDENSBRO,2019,"VAREVOGNE (MAX. 3,5 t)",326
69,FREDENSBRO,2020,A+B: KØRETØJER I ALT,3096
69,FREDENSBRO,2020,A: LET TRAFIK I ALT,2965
69,FREDENSBRO,2020,B: TUNG TRAFIK I ALT,131
69,FREDENSBRO,2020,CYKLER + KNALLERTER,3136
69,FREDENSBRO,2020,CYKLER + KNALLERTER I ALT,3280
69,FREDENSBRO,2020,LADCYKLER,144
69,FREDENSBRO,2020,LASTBILER,39
69,FREDENSBRO,2020,PERSONBILER + MC,2548
69,FREDENSBRO,2020,"VAREVOGNE (MAX. 3,5 t)",417
69,FREDENSBRO,2021,A+B: KØRETØJER I ALT,3505
69,FREDENSBRO,2021,A: LET TRAFIK I ALT,3378
69,FREDENSBRO,2021,B: TUNG TRAFIK I ALT,127
69,FREDENSBRO,2021,CYKLER + KNALLERTER,2987
69,FREDENSBRO,2021,CYKLER + KNALLERTER I ALT,3160
69,FREDENSBRO,2021,LADCYKLER,173
69,FREDENSBRO,2021,LASTBILER,35
69,FREDENSBRO,2021,PERSONBILER + MC,2952
69,FREDENSBRO,2021,"VAREVOGNE (MAX. 3,5 t)",426
69,FREDENSBRO,2022,A+B: KØRETØJER I ALT,3167
69,FREDENSBRO,2022,A: LET TRAFIK I ALT,3038
69,FREDENSBRO,2022,B: TUNG TRAFIK I ALT,129
69,FREDENSBRO,2022,CYKLER + KNALLERTER,2995
69,FREDENSBRO,2022,CYKLER + KNALLERTER I ALT,3173
69,FREDENSBRO,2022,LADCYKLER,178
69,FREDENSBRO,2022,LASTBILER,44
69,FREDENSBRO,2022,PERSONBILER + MC,2666
69,FREDENSBRO,2022,"VAREVOGNE (MAX. 3,5 t)",372
69,FREDENSBRO,2023,A+B: KØRETØJER I ALT,2982
69,FREDENSBRO,2023,A: LET TRAFIK I ALT,2851
69,FREDENSBRO,2023,B: TUNG TRAFIK I ALT,131
69,FREDENSBRO,2023,CYKLER + KNALLERTER,2599
69,FREDENSBRO,2023,CYKLER + KNALLERTER I ALT,2795
69,FREDENSBRO,2023,LADCYKLER,196
69,FREDENSBRO,2023,LASTBILER,30
69,FREDENSBRO,2023,PERSONBILER + MC,2547
69,FREDENSBRO,2023,"VAREVOGNE (MAX. 3,5 t)",304
69,FREDENSBRO ,2013,A+B: KØRETØJER I ALT,3097
69,FREDENSBRO ,2013,A: LET TRAFIK I ALT,2943
69,FREDENSBRO ,2013,B: TUNG TRAFIK I ALT,154
69,FREDENSBRO ,2013,CYKLER + KNALLERTER,3034
69,FREDENSBRO ,2013,CYKLER + KNALLERTER I ALT,3087
69,FREDENSBRO ,2013,LADCYKLER,53
69,FREDENSBRO ,2013,LASTBILER,54
69,FREDENSBRO ,2013,PERSONBILER + MC,2526
69,FREDENSBRO ,2013,"VAREVOGNE (MAX. 3,5 t)",417
69,FREDENSBRO ,2014,A+B: KØRETØJER I ALT,2832
69,FREDENSBRO ,2014,A: LET TRAFIK I ALT,2702
69,FREDENSBRO ,2014,B: TUNG TRAFIK I ALT,130
69,FREDENSBRO ,2014,CYKLER + KNALLERTER,2785
69,FREDENSBRO ,2014,CYKLER + KNALLERTER I ALT,2840
69,FREDENSBRO ,2014,LADCYKLER,55
69,FREDENSBRO ,2014,LASTBILER,35
69,FREDENSBRO ,2014,PERSONBILER + MC,2355
69,FREDENSBRO ,2014,"VAREVOGNE (MAX. 3,5 t)",347
69,FREDENSBRO ,2015,A+B: KØRETØJER I ALT,3160
69,FREDENSBRO ,2015,A: LET TRAFIK I ALT,3033
69,FREDENSBRO ,2015,B: TUNG TRAFIK I ALT,127
69,FREDENSBRO ,2015,CYKLER + KNALLERTER,3021
69,FREDENSBRO ,2015,CYKLER + KNALLERTER I ALT,3114
69,FREDENSBRO ,2015,LADCYKLER,93
69,FREDENSBRO ,2015,LASTBILER,45
69,FREDENSBRO ,2015,PERSONBILER + MC,2609
69,FREDENSBRO ,2015,"VAREVOGNE (MAX. 3,5 t)",424
72,INGERSLEVSGADE sø.f. Tietgensgade,2013,A+B: KØRETØJER I ALT,691
72,INGERSLEVSGADE sø.f. Tietgensgade,2013,A: LET TRAFIK I ALT,634
72,INGERSLEVSGADE sø.f. Tietgensgade,2013,B: TUNG TRAFIK I ALT,57
72,INGERSLEVSGADE sø.f. Tietgensgade,2013,CYKLER + KNALLERTER,573
72,INGERSLEVSGADE sø.f. Tietgensgade,2013,CYKLER + KNALLERTER I ALT,580
72,INGERSLEVSGADE sø.f. Tietgensgade,2013,LADCYKLER,7
72,INGERSLEVSGADE sø.f. Tietgensgade,2013,LASTBILER,28
72,INGERSLEVSGADE sø.f. Tietgensgade,2013,PERSONBILER + MC,464
72,INGERSLEVSGADE sø.f. Tietgensgade,2013,"VAREVOGNE (MAX. 3,5 t)",170
72,INGERSLEVSGADE sø.f. Tietgensgade,2014,A+B: KØRETØJER I ALT,777
72,INGERSLEVSGADE sø.f. Tietgensgade,2014,A: LET TRAFIK I ALT,720
72,INGERSLEVSGADE sø.f. Tietgensgade,2014,B: TUNG TRAFIK I ALT,57
72,INGERSLEVSGADE sø.f. Tietgensgade,2014,CYKLER + KNALLERTER,557
72,INGERSLEVSGADE sø.f. Tietgensgade,2014,CYKLER + KNALLERTER I ALT,562
72,INGERSLEVSGADE sø.f. Tietgensgade,2014,LADCYKLER,5
72,INGERSLEVSGADE sø.f. Tietgensgade,2014,LASTBILER,28
72,INGERSLEVSGADE sø.f. Tietgensgade,2014,PERSONBILER + MC,542
72,INGERSLEVSGADE sø.f. Tietgensgade,2014,"VAREVOGNE (MAX. 3,5 t)",178
72,INGERSLEVSGADE sø.f. Tietgensgade,2015,A+B: KØRETØJER I ALT,662
72,INGERSLEVSGADE sø.f. Tietgensgade,2015,A: LET TRAFIK I ALT,615
72,INGERSLEVSGADE sø.f. Tietgensgade,2015,B: TUNG TRAFIK I ALT,47
72,INGERSLEVSGADE sø.f. Tietgensgade,2015,CYKLER + KNALLERTER,649
72,INGERSLEVSGADE sø.f. Tietgensgade,2015,CYKLER + KNALLERTER I ALT,658
72,INGERSLEVSGADE sø.f. Tietgensgade,2015,LADCYKLER,9
72,INGERSLEVSGADE sø.f. Tietgensgade,2015,LASTBILER,16
72,INGERSLEVSGADE sø.f. Tietgensgade,2015,PERSONBILER + MC,433
72,INGERSLEVSGADE sø.f. Tietgensgade,2015,"VAREVOGNE (MAX. 3,5 t)",182
72,INGERSLEVSGADE sø.f. Tietgensgade,2016,A+B: KØRETØJER I ALT,613
72,INGERSLEVSGADE sø.f. Tietgensgade,2016,A: LET TRAFIK I ALT,551
72,INGERSLEVSGADE sø.f. Tietgensgade,2016,B: TUNG TRAFIK I ALT,62
72,INGERSLEVSGADE sø.f. Tietgensgade,2016,CYKLER + KNALLERTER,730
72,INGERSLEVSGADE sø.f. Tietgensgade,2016,CYKLER + KNALLERTER I ALT,734
72,INGERSLEVSGADE sø.f. Tietgensgade,2016,LADCYKLER,4
72,INGERSLEVSGADE sø.f. Tietgensgade,2016,LASTBILER,27
72,INGERSLEVSGADE sø.f. Tietgensgade,2016,PERSONBILER + MC,412
72,INGERSLEVSGADE sø.f. Tietgensgade,2016,"VAREVOGNE (MAX. 3,5 t)",139
72,INGERSLEVSGADE sø.f. Tietgensgade,2017,A+B: KØRETØJER I ALT,759
72,INGERSLEVSGADE sø.f. Tietgensgade,2017,A: LET TRAFIK I ALT,692
72,INGERSLEVSGADE sø.f. Tietgensgade,2017,B: TUNG TRAFIK I ALT,67
72,INGERSLEVSGADE sø.f. Tietgensgade,2017,CYKLER + KNALLERTER,539
72,INGERSLEVSGADE sø.f. Tietgensgade,2017,CYKLER + KNALLERTER I ALT,549
72,INGERSLEVSGADE sø.f. Tietgensgade,2017,LADCYKLER,10
72,INGERSLEVSGADE sø.f. Tietgensgade,2017,LASTBILER,29
72,INGERSLEVSGADE sø.f. Tietgensgade,2017,PERSONBILER + MC,519
72,INGERSLEVSGADE sø.f. Tietgensgade,2017,"VAREVOGNE (MAX. 3,5 t)",173
72,INGERSLEVSGADE sø.f. Tietgensgade,2018,A+B: KØRETØJER I ALT,628
72,INGERSLEVSGADE sø.f. Tietgensgade,2018,A: LET TRAFIK I ALT,569
72,INGERSLEVSGADE sø.f. Tietgensgade,2018,B: TUNG TRAFIK I ALT,59
72,INGERSLEVSGADE sø.f. Tietgensgade,2018,CYKLER + KNALLERTER,711
72,INGERSLEVSGADE sø.f. Tietgensgade,2018,CYKLER + KNALLERTER I ALT,721
72,INGERSLEVSGADE sø.f. Tietgensgade,2018,LADCYKLER,10
72,INGERSLEVSGADE sø.f. Tietgensgade,2018,LASTBILER,24
72,INGERSLEVSGADE sø.f. Tietgensgade,2018,PERSONBILER + MC,436
72,INGERSLEVSGADE sø.f. Tietgensgade,2018,"VAREVOGNE (MAX. 3,5 t)",133
72,INGERSLEVSGADE sø.f. Tietgensgade,2019,A+B: KØRETØJER I ALT,663
72,INGERSLEVSGADE sø.f. Tietgensgade,2019,A: LET TRAFIK I ALT,606
72,INGERSLEVSGADE sø.f. Tietgensgade,2019,B: TUNG TRAFIK I ALT,57
72,INGERSLEVSGADE sø.f. Tietgensgade,2019,CYKLER + KNALLERTER,698
72,INGERSLEVSGADE sø.f. Tietgensgade,2019,CYKLER + KNALLERTER I ALT,714
72,INGERSLEVSGADE sø.f. Tietgensgade,2019,LADCYKLER,16
72,INGERSLEVSGADE sø.f. Tietgensgade,2019,LASTBILER,24
72,INGERSLEVSGADE sø.f. Tietgensgade,2019,PERSONBILER + MC,460
72,INGERSLEVSGADE sø.f. Tietgensgade,2019,"VAREVOGNE (MAX. 3,5 t)",146
72,INGERSLEVSGADE sø.f. Tietgensgade,2020,A+B: KØRETØJER I ALT,403
72,INGERSLEVSGADE sø.f. Tietgensgade,2020,A: LET TRAFIK I ALT,377
72,INGERSLEVSGADE sø.f. Tietgensgade,2020,B: TUNG TRAFIK I ALT,26
72,INGERSLEVSGADE sø.f. Tietgensgade,2020,CYKLER + KNALLERTER,269
72,INGERSLEVSGADE sø.f. Tietgensgade,2020,CYKLER + KNALLERTER I ALT,276
72,INGERSLEVSGADE sø.f. Tietgensgade,2020,LADCYKLER,7
72,INGERSLEVSGADE sø.f. Tietgensgade,2020,LASTBILER,12
72,INGERSLEVSGADE sø.f. Tietgensgade,2020,PERSONBILER + MC,288
72,INGERSLEVSGADE sø.f. Tietgensgade,2020,"VAREVOGNE (MAX. 3,5 t)",89
72,INGERSLEVSGADE sø.f. Tietgensgade,2021,A+B: KØRETØJER I ALT,638
72,INGERSLEVSGADE sø.f. Tietgensgade,2021,A: LET TRAFIK I ALT,591
72,INGERSLEVSGADE sø.f. Tietgensgade,2021,B: TUNG TRAFIK I ALT,47
72,INGERSLEVSGADE sø.f. Tietgensgade,2021,CYKLER + KNALLERTER,645
72,INGERSLEVSGADE sø.f. Tietgensgade,2021,CYKLER + KNALLERTER I ALT,663
72,INGERSLEVSGADE sø.f. Tietgensgade,2021,LADCYKLER,18
72,INGERSLEVSGADE sø.f. Tietgensgade,2021,LASTBILER,28
72,INGERSLEVSGADE sø.f. Tietgensgade,2021,PERSONBILER + MC,452
72,INGERSLEVSGADE sø.f. Tietgensgade,2021,"VAREVOGNE (MAX. 3,5 t)",139
72,INGERSLEVSGADE sø.f. Tietgensgade,2022,A+B: KØRETØJER I ALT,637
72,INGERSLEVSGADE sø.f. Tietgensgade,2022,A: LET TRAFIK I ALT,593
72,INGERSLEVSGADE sø.f. Tietgensgade,2022,B: TUNG TRAFIK I ALT,44
72,INGERSLEVSGADE sø.f. Tietgensgade,2022,CYKLER + KNALLERTER,608
72,INGERSLEVSGADE sø.f. Tietgensgade,2022,CYKLER + KNALLERTER I ALT,643
72,INGERSLEVSGADE sø.f. Tietgensgade,2022,LADCYKLER,35
72,INGERSLEVSGADE sø.f. Tietgensgade,2022,LASTBILER,27
72,INGERSLEVSGADE sø.f. Tietgensgade,2022,PERSONBILER + MC,439
72,INGERSLEVSGADE sø.f. Tietgensgade,2022,"VAREVOGNE (MAX. 3,5 t)",154
72,INGERSLEVSGADE sø.f. Tietgensgade,2023,A+B: KØRETØJER I ALT,499
72,INGERSLEVSGADE sø.f. Tietgensgade,2023,A: LET TRAFIK I ALT,438
72,INGERSLEVSGADE sø.f. Tietgensgade,2023,B: TUNG TRAFIK I ALT,61
72,INGERSLEVSGADE sø.f. Tietgensgade,2023,CYKLER + KNALLERTER,572
72,INGERSLEVSGADE sø.f. Tietgensgade,2023,CYKLER + KNALLERTER I ALT,600
72,INGERSLEVSGADE sø.f. Tietgensgade,2023,LADCYKLER,28
72,INGERSLEVSGADE sø.f. Tietgensgade,2023,LASTBILER,24
72,INGERSLEVSGADE sø.f. Tietgensgade,2023,PERSONBILER + MC,349
72,INGERSLEVSGADE sø.f. Tietgensgade,2023,"VAREVOGNE (MAX. 3,5 t)",89
122,GAMMEL KONGEVEJ vest for Stenosgade,2013,A+B: KØRETØJER I ALT,856
122,GAMMEL KONGEVEJ vest for Stenosgade,2013,A: LET TRAFIK I ALT,813
122,GAMMEL KONGEVEJ vest for Stenosgade,2013,B: TUNG TRAFIK I ALT,43
122,GAMMEL KONGEVEJ vest for Stenosgade,2013,CYKLER + KNALLERTER,2301
122,GAMMEL KONGEVEJ vest for Stenosgade,2013,CYKLER + KNALLERTER I ALT,2340
122,GAMMEL KONGEVEJ vest for Stenosgade,2013,LADCYKLER,39
122,GAMMEL KONGEVEJ vest for Stenosgade,2013,LASTBILER,24
122,GAMMEL KONGEVEJ vest for Stenosgade,2013,PERSONBILER + MC,664
122,GAMMEL KONGEVEJ vest for Stenosgade,2013,"VAREVOGNE (MAX. 3,5 t)",149
122,GAMMEL KONGEVEJ vest for Stenosgade,2014,A+B: KØRETØJER I ALT,857
122,GAMMEL KONGEVEJ vest for Stenosgade,2014,A: LET TRAFIK I ALT,825
122,GAMMEL KONGEVEJ vest for Stenosgade,2014,B: TUNG TRAFIK I ALT,32
122,GAMMEL KONGEVEJ vest for Stenosgade,2014,CYKLER + KNALLERTER,1895
122,GAMMEL KONGEVEJ vest for Stenosgade,2014,CYKLER + KNALLERTER I ALT,1940
122,GAMMEL KONGEVEJ vest for Stenosgade,2014,LADCYKLER,45
122,GAMMEL KONGEVEJ vest for Stenosgade,2014,LASTBILER,14
122,GAMMEL KONGEVEJ vest for Stenosgade,2014,PERSONBILER + MC,679
122,GAMMEL KONGEVEJ vest for Stenosgade,2014,"VAREVOGNE (MAX. 3,5 t)",146
122,GAMMEL KONGEVEJ vest for Stenosgade,2015,A+B: KØRETØJER I ALT,789
122,GAMMEL KONGEVEJ vest for Stenosgade,2015,A: LET TRAFIK I ALT,758
122,GAMMEL KONGEVEJ vest for Stenosgade,2015,B: TUNG TRAFIK I ALT,31
122,GAMMEL KONGEVEJ vest for Stenosgade,2015,CYKLER + KNALLERTER,2141
122,GAMMEL KONGEVEJ vest for Stenosgade,2015,CYKLER + KNALLERTER I ALT,2197
122,GAMMEL KONGEVEJ vest for Stenosgade,2015,LADCYKLER,56
122,GAMMEL KONGEVEJ vest for Stenosgade,2015,LASTBILER,17
122,GAMMEL KONGEVEJ vest for Stenosgade,2015,PERSONBILER + MC,615
122,GAMMEL KONGEVEJ vest for Stenosgade,2015,"VAREVOGNE (MAX. 3,5 t)",143
122,GAMMEL KONGEVEJ vest for Stenosgade,2016,A+B: KØRETØJER I ALT,767
122,GAMMEL KONGEVEJ vest for Stenosgade,2016,A: LET TRAFIK I ALT,726
122,GAMMEL KONGEVEJ vest for Stenosgade,2016,B: TUNG TRAFIK I ALT,41
122,GAMMEL KONGEVEJ vest for Stenosgade,2016,CYKLER + KNALLERTER,2193
122,GAMMEL KONGEVEJ vest for Stenosgade,2016,CYKLER + KNALLERTER I ALT,2231
122,GAMMEL KONGEVEJ vest for Stenosgade,2016,LADCYKLER,38
122,GAMMEL KONGEVEJ vest for Stenosgade,2016,LASTBILER,18
122,GAMMEL KONGEVEJ vest for Stenosgade,2016,PERSONBILER + MC,604
122,GAMMEL KONGEVEJ vest for Stenosgade,2016,"VAREVOGNE (MAX. 3,5 t)",122
122,GAMMEL KONGEVEJ vest for Stenosgade,2017,A+B: KØRETØJER I ALT,824
122,GAMMEL KONGEVEJ vest for Stenosgade,2017,A: LET TRAFIK I ALT,773
122,GAMMEL KONGEVEJ vest for Stenosgade,2017,B: TUNG TRAFIK I ALT,51
122,GAMMEL KONGEVEJ vest for Stenosgade,2017,CYKLER + KNALLERTER,2304
122,GAMMEL KONGEVEJ vest for Stenosgade,2017,CYKLER + KNALLERTER I ALT,2364
122,GAMMEL KONGEVEJ vest for Stenosgade,2017,LADCYKLER,60
122,GAMMEL KONGEVEJ vest for Stenosgade,2017,LASTBILER,21
122,GAMMEL KONGEVEJ vest for Stenosgade,2017,PERSONBILER + MC,648
122,GAMMEL KONGEVEJ vest for Stenosgade,2017,"VAREVOGNE (MAX. 3,5 t)",125
122,GAMMEL KONGEVEJ vest for Stenosgade,2018,A+B: KØRETØJER I ALT,661
122,GAMMEL KONGEVEJ vest for Stenosgade,2018,A: LET TRAFIK I ALT,625
122,GAMMEL KONGEVEJ vest for Stenosgade,2018,B: TUNG TRAFIK I ALT,36
122,GAMMEL KONGEVEJ vest for Stenosgade,2018,CYKLER + KNALLERTER,2198
122,GAMMEL KONGEVEJ vest for Stenosgade,2018,CYKLER + KNALLERTER I ALT,2263
122,GAMMEL KONGEVEJ vest for Stenosgade,2018,LADCYKLER,65
122,GAMMEL KONGEVEJ vest for Stenosgade,2018,LASTBILER,13
122,GAMMEL KONGEVEJ vest for Stenosgade,2018,PERSONBILER + MC,519
122,GAMMEL KONGEVEJ vest for Stenosgade,2018,"VAREVOGNE (MAX. 3,5 t)",106
122,GAMMEL KONGEVEJ vest for Stenosgade,2019,A+B: KØRETØJER I ALT,786
122,GAMMEL KONGEVEJ vest for Stenosgade,2019,A: LET TRAFIK I ALT,739
122,GAMMEL KONGEVEJ vest for Stenosgade,2019,B: TUNG TRAFIK I ALT,47
122,GAMMEL KONGEVEJ vest for Stenosgade,2019,CYKLER + KNALLERTER,2295
122,GAMMEL KONGEVEJ vest for Stenosgade,2019,CYKLER + KNALLERTER I ALT,2366
122,GAMMEL KONGEVEJ vest for Stenosgade,2019,LADCYKLER,71
122,GAMMEL KONGEVEJ vest for Stenosgade,2019,LASTBILER,25
122,GAMMEL KONGEVEJ vest for Stenosgade,2019,PERSONBILER + MC,589
122,GAMMEL KONGEVEJ vest for Stenosgade,2019,"VAREVOGNE (MAX. 3,5 t)",150
122,GAMMEL KONGEVEJ vest for Stenosgade,2020,A+B: KØRETØJER I ALT,746
122,GAMMEL KONGEVEJ vest for Stenosgade,2020,A: LET TRAFIK I ALT,698
122,GAMMEL KONGEVEJ vest for Stenosgade,2020,B: TUNG TRAFIK I ALT,48
122,GAMMEL KONGEVEJ vest for Stenosgade,2020,CYKLER + KNALLERTER,2314
122,GAMMEL KONGEVEJ vest for Stenosgade,2020,CYKLER + KNALLERTER I ALT,2394
122,GAMMEL KONGEVEJ vest for Stenosgade,2020,LADCYKLER,80
122,GAMMEL KONGEVEJ vest for Stenosgade,2020,LASTBILER,22
122,GAMMEL KONGEVEJ vest for Stenosgade,2020,PERSONBILER + MC,597
122,GAMMEL KONGEVEJ vest for Stenosgade,2020,"VAREVOGNE (MAX. 3,5 t)",101
122,GAMMEL KONGEVEJ vest for Stenosgade,2021,A+B: KØRETØJER I ALT,714
122,GAMMEL KONGEVEJ vest for Stenosgade,2021,A: LET TRAFIK I ALT,668
122,GAMMEL KONGEVEJ vest for Stenosgade,2021,B: TUNG TRAFIK I ALT,46
122,GAMMEL KONGEVEJ vest for Stenosgade,2021,CYKLER + KNALLERTER,2088
122,GAMMEL KONGEVEJ vest for Stenosgade,2021,CYKLER + KNALLERTER I ALT,2161
122,GAMMEL KONGEVEJ vest for Stenosgade,2021,LADCYKLER,73
122,GAMMEL KONGEVEJ vest for Stenosgade,2021,LASTBILER,23
122,GAMMEL KONGEVEJ vest for Stenosgade,2021,PERSONBILER + MC,571
122,GAMMEL KONGEVEJ vest for Stenosgade,2021,"VAREVOGNE (MAX. 3,5 t)",97
122,GAMMEL KONGEVEJ vest for Stenosgade,2022,A+B: KØRETØJER I ALT,702
122,GAMMEL KONGEVEJ vest for Stenosgade,2022,A: LET TRAFIK I ALT,664
122,GAMMEL KONGEVEJ vest for Stenosgade,2022,B: TUNG TRAFIK I ALT,38
122,GAMMEL KONGEVEJ vest for Stenosgade,2022,CYKLER + KNALLERTER,2190
122,GAMMEL KONGEVEJ vest for Stenosgade,2022,CYKLER + KNALLERTER I ALT,2300
122,GAMMEL KONGEVEJ vest for Stenosgade,2022,LADCYKLER,110
122,GAMMEL KONGEVEJ vest for Stenosgade,2022,LASTBILER,22
122,GAMMEL KONGEVEJ vest for Stenosgade,2022,PERSONBILER + MC,552
122,GAMMEL KONGEVEJ vest for Stenosgade,2022,"VAREVOGNE (MAX. 3,5 t)",112
122,GAMMEL KONGEVEJ vest for Stenosgade,2023,A+B: KØRETØJER I ALT,648
122,GAMMEL KONGEVEJ vest for Stenosgade,2023,A: LET TRAFIK I ALT,618
122,GAMMEL KONGEVEJ vest for Stenosgade,2023,B: TUNG TRAFIK I ALT,30
122,GAMMEL KONGEVEJ vest for Stenosgade,2023,CYKLER + KNALLERTER,2079
122,GAMMEL KONGEVEJ vest for Stenosgade,2023,CYKLER + KNALLERTER I ALT,2190
122,GAMMEL KONGEVEJ vest for Stenosgade,2023,LADCYKLER,111
122,GAMMEL KONGEVEJ vest for Stenosgade,2023,LASTBILER,14
122,GAMMEL KONGEVEJ vest for Stenosgade,2023,PERSONBILER + MC,501
122,GAMMEL KONGEVEJ vest for Stenosgade,2023,"VAREVOGNE (MAX. 3,5 t)",117
602,ISTEDGADE nordøst for Gasværksvej,2014,A+B: KØRETØJER I ALT,395
602,ISTEDGADE nordøst for Gasværksvej,2014,A: LET TRAFIK I ALT,361
602,ISTEDGADE nordøst for Gasværksvej,2014,B: TUNG TRAFIK I ALT,34
602,ISTEDGADE nordøst for Gasværksvej,2014,CYKLER + KNALLERTER,677
602,ISTEDGADE nordøst for Gasværksvej,2014,CYKLER + KNALLERTER I ALT,704
602,ISTEDGADE nordøst for Gasværksvej,2014,LADCYKLER,27
602,ISTEDGADE nordøst for Gasværksvej,2014,LASTBILER,10
602,ISTEDGADE nordøst for Gasværksvej,2014,PERSONBILER + MC,255
602,ISTEDGADE nordøst for Gasværksvej,2014,"VAREVOGNE (MAX. 3,5 t)",106
602,ISTEDGADE nordøst for Gasværksvej,2015,A+B: KØRETØJER I ALT,376
602,ISTEDGADE nordøst for Gasværksvej,2015,A: LET TRAFIK I ALT,346
602,ISTEDGADE nordøst for Gasværksvej,2015,B: TUNG TRAFIK I ALT,30
602,ISTEDGADE nordøst for Gasværksvej,2015,CYKLER + KNALLERTER,860
602,ISTEDGADE nordøst for Gasværksvej,2015,CYKLER + KNALLERTER I ALT,910
602,ISTEDGADE nordøst for Gasværksvej,2015,LADCYKLER,50
602,ISTEDGADE nordøst for Gasværksvej,2015,LASTBILER,14
602,ISTEDGADE nordøst for Gasværksvej,2015,PERSONBILER + MC,242
602,ISTEDGADE nordøst for Gasværksvej,2015,"VAREVOGNE (MAX. 3,5 t)",104
602,ISTEDGADE nordøst for Gasværksvej,2016,A+B: KØRETØJER I ALT,388
602,ISTEDGADE nordøst for Gasværksvej,2016,A: LET TRAFIK I ALT,362
602,ISTEDGADE nordøst for Gasværksvej,2016,B: TUNG TRAFIK I ALT,26
602,ISTEDGADE nordøst for Gasværksvej,2016,CYKLER + KNALLERTER,887
602,ISTEDGADE nordøst for Gasværksvej,2016,CYKLER + KNALLERTER I ALT,933
602,ISTEDGADE nordøst for Gasværksvej,2016,LADCYKLER,46
602,ISTEDGADE nordøst for Gasværksvej,2016,LASTBILER,7
602,ISTEDGADE nordøst for Gasværksvej,2016,PERSONBILER + MC,277
602,ISTEDGADE nordøst for Gasværksvej,2016,"VAREVOGNE (MAX. 3,5 t)",85
602,ISTEDGADE nordøst for Gasværksvej,2017,A+B: KØRETØJER I ALT,514
602,ISTEDGADE nordøst for Gasværksvej,2017,A: LET TRAFIK I ALT,462
602,ISTEDGADE nordøst for Gasværksvej,2017,B: TUNG TRAFIK I ALT,52
602,ISTEDGADE nordøst for Gasværksvej,2017,CYKLER + KNALLERTER,1067
602,ISTEDGADE nordøst for Gasværksvej,2017,CYKLER + KNALLERTER I ALT,1116
602,ISTEDGADE nordøst for Gasværksvej,2017,LADCYKLER,49
602,ISTEDGADE nordøst for Gasværksvej,2017,LASTBILER,27
602,ISTEDGADE nordøst for Gasværksvej,2017,PERSONBILER + MC,350
602,ISTEDGADE nordøst for Gasværksvej,2017,"VAREVOGNE (MAX. 3,5 t)",112
602,ISTEDGADE nordøst for Gasværksvej,2018,A+B: KØRETØJER I ALT,415
602,ISTEDGADE nordøst for Gasværksvej,2018,A: LET TRAFIK I ALT,370
602,ISTEDGADE nordøst for Gasværksvej,2018,B: TUNG TRAFIK I ALT,45
602,ISTEDGADE nordøst for Gasværksvej,2018,CYKLER + KNALLERTER,989
602,ISTEDGADE nordøst for Gasværksvej,2018,CYKLER + KNALLERTER I ALT,1038
602,ISTEDGADE nordøst for Gasværksvej,2018,LADCYKLER,49
602,ISTEDGADE nordøst for Gasværksvej,2018,LASTBILER,23
602,ISTEDGADE nordøst for Gasværksvej,2018,PERSONBILER + MC,265
602,ISTEDGADE nordøst for Gasværksvej,2018,"VAREVOGNE (MAX. 3,5 t)",105
602,ISTEDGADE nordøst for Gasværksvej,2019,A+B: KØRETØJER I ALT,526
602,ISTEDGADE nordøst for Gasværksvej,2019,A: LET TRAFIK I ALT,479
602,ISTEDGADE nordøst for Gasværksvej,2019,B: TUNG TRAFIK I ALT,47
602,ISTEDGADE nordøst for Gasværksvej,2019,CYKLER + KNALLERTER,943
602,ISTEDGADE nordøst for Gasværksvej,2019,CYKLER + KNALLERTER I ALT,1004
602,ISTEDGADE nordøst for Gasværksvej,2019,LADCYKLER,61
602,ISTEDGADE nordøst for Gasværksvej,2019,LASTBILER,24
602,ISTEDGADE nordøst for Gasværksvej,2019,PERSONBILER + MC,367
602,ISTEDGADE nordøst for Gasværksvej,2019,"VAREVOGNE (MAX. 3,5 t)",112
602,ISTEDGADE nordøst for Gasværksvej,2020,A+B: KØRETØJER I ALT,443
602,ISTEDGADE nordøst for Gasværksvej,2020,A: LET TRAFIK I ALT,423
602,ISTEDGADE nordøst for Gasværksvej,2020,B: TUNG TRAFIK I ALT,20
602,ISTEDGADE nordøst for Gasværksvej,2020,CYKLER + KNALLERTER,867
602,ISTEDGADE nordøst for Gasværksvej,2020,CYKLER + KNALLERTER I ALT,911
602,ISTEDGADE nordøst for Gasværksvej,2020,LADCYKLER,44
602,ISTEDGADE nordøst for Gasværksvej,2020,LASTBILER,13
602,ISTEDGADE nordøst for Gasværksvej,2020,PERSONBILER + MC,310
602,ISTEDGADE nordøst for Gasværksvej,2020,"VAREVOGNE (MAX. 3,5 t)",113
602,ISTEDGADE nordøst for Gasværksvej,2021,A+B: KØRETØJER I ALT,363
602,ISTEDGADE nordøst for Gasværksvej,2021,A: LET TRAFIK I ALT,338
602,ISTEDGADE nordøst for Gasværksvej,2021,B: TUNG TRAFIK I ALT,25
602,ISTEDGADE nordøst for Gasværksvej,2021,CYKLER + KNALLERTER,896
602,ISTEDGADE nordøst for Gasværksvej,2021,CYKLER + KNALLERTER I ALT,963
602,ISTEDGADE nordøst for Gasværksvej,2021,LADCYKLER,67
602,ISTEDGADE nordøst for Gasværksvej,2021,LASTBILER,19
602,ISTEDGADE nordøst for Gasværksvej,2021,PERSONBILER + MC,239
602,ISTEDGADE nordøst for Gasværksvej,2021,"VAREVOGNE (MAX. 3,5 t)",99
602,ISTEDGADE nordøst for Gasværksvej,2022,A+B: KØRETØJER I ALT,359
602,ISTEDGADE nordøst for Gasværksvej,2022,A: LET TRAFIK I ALT,341
602,ISTEDGADE nordøst for Gasværksvej,2022,B: TUNG TRAFIK I ALT,18
602,ISTEDGADE nordøst for Gasværksvej,2022,CYKLER + KNALLERTER,723
602,ISTEDGADE nordøst for Gasværksvej,2022,CYKLER + KNALLERTER I ALT,776
602,ISTEDGADE nordøst for Gasværksvej,2022,LADCYKLER,53
602,ISTEDGADE nordøst for Gasværksvej,2022,LASTBILER,13
602,ISTEDGADE nordøst for Gasværksvej,2022,PERSONBILER + MC,255
602,ISTEDGADE nordøst for Gasværksvej,2022,"VAREVOGNE (MAX. 3,5 t)",86
602,ISTEDGADE nordøst for Gasværksvej,2023,A+B: KØRETØJER I ALT,364
602,ISTEDGADE nordøst for Gasværksvej,2023,A: LET TRAFIK I ALT,344
602,ISTEDGADE nordøst for Gasværksvej,2023,B: TUNG TRAFIK I ALT,20
602,ISTEDGADE nordøst for Gasværksvej,2023,CYKLER + KNALLERTER,694
602,ISTEDGADE nordøst for Gasværksvej,2023,CYKLER + KNALLERTER I ALT,751
602,ISTEDGADE nordøst for Gasværksvej,2023,LADCYKLER,57
602,ISTEDGADE nordøst for Gasværksvej,2023,LASTBILER,14
602,ISTEDGADE nordøst for Gasværksvej,2023,PERSONBILER + MC,267
602,ISTEDGADE nordøst for Gasværksvej,2023,"VAREVOGNE (MAX. 3,5 t)",77
603,VESTERBROGADE sv.f. Stenosgade,2013,A+B: KØRETØJER I ALT,953
603,VESTERBROGADE sv.f. Stenosgade,2013,A: LET TRAFIK I ALT,861
603,VESTERBROGADE sv.f. Stenosgade,2013,B: TUNG TRAFIK I ALT,92
603,VESTERBROGADE sv.f. Stenosgade,2013,CYKLER + KNALLERTER,1624
603,VESTERBROGADE sv.f. Stenosgade,2013,CYKLER + KNALLERTER I ALT,1657
603,VESTERBROGADE sv.f. Stenosgade,2013,LADCYKLER,33
603,VESTERBROGADE sv.f. Stenosgade,2013,LASTBILER,40
603,VESTERBROGADE sv.f. Stenosgade,2013,PERSONBILER + MC,637
603,VESTERBROGADE sv.f. Stenosgade,2013,"VAREVOGNE (MAX. 3,5 t)",224
603,VESTERBROGADE sv.f. Stenosgade,2014,A+B: KØRETØJER I ALT,997
603,VESTERBROGADE sv.f. Stenosgade,2014,A: LET TRAFIK I ALT,924
603,VESTERBROGADE sv.f. Stenosgade,2014,B: TUNG TRAFIK I ALT,73
603,VESTERBROGADE sv.f. Stenosgade,2014,CYKLER + KNALLERTER,1492
603,VESTERBROGADE sv.f. Stenosgade,2014,CYKLER + KNALLERTER I ALT,1546
603,VESTERBROGADE sv.f. Stenosgade,2014,LADCYKLER,54
603,VESTERBROGADE sv.f. Stenosgade,2014,LASTBILER,37
603,VESTERBROGADE sv.f. Stenosgade,2014,PERSONBILER + MC,683
603,VESTERBROGADE sv.f. Stenosgade,2014,"VAREVOGNE (MAX. 3,5 t)",241
603,VESTERBROGADE sv.f. Stenosgade,2015,A+B: KØRETØJER I ALT,966
603,VESTERBROGADE sv.f. Stenosgade,2015,A: LET TRAFIK I ALT,895
603,VESTERBROGADE sv.f. Stenosgade,2015,B: TUNG TRAFIK I ALT,71
603,VESTERBROGADE sv.f. Stenosgade,2015,CYKLER + KNALLERTER,1852
603,VESTERBROGADE sv.f. Stenosgade,2015,CYKLER + KNALLERTER I ALT,1888
603,VESTERBROGADE sv.f. Stenosgade,2015,LADCYKLER,36
603,VESTERBROGADE sv.f. Stenosgade,2015,LASTBILER,37
603,VESTERBROGADE sv.f. Stenosgade,2015,PERSONBILER + MC,687
603,VESTERBROGADE sv.f. Stenosgade,2015,"VAREVOGNE (MAX. 3,5 t)",208
603,VESTERBROGADE sv.f. Stenosgade,2016,A+B: KØRETØJER I ALT,953
603,VESTERBROGADE sv.f. Stenosgade,2016,A: LET TRAFIK I ALT,891
603,VESTERBROGADE sv.f. Stenosgade,2016,B: TUNG TRAFIK I ALT,62
603,VESTERBROGADE sv.f. Stenosgade,2016,CYKLER + KNALLERTER,1890
603,VESTERBROGADE sv.f. Stenosgade,2016,CYKLER + KNALLERTER I ALT,1942
603,VESTERBROGADE sv.f. Stenosgade,2016,LADCYKLER,52
603,VESTERBROGADE sv.f. Stenosgade,2016,LASTBILER,27
603,VESTERBROGADE sv.f. Stenosgade,2016,PERSONBILER + MC,667
603,VESTERBROGADE sv.f. Stenosgade,2016,"VAREVOGNE (MAX. 3,5 t)",224
603,VESTERBROGADE sv.f. Stenosgade,2017,A+B: KØRETØJER I ALT,466
603,VESTERBROGADE sv.f. Stenosgade,2017,A: LET TRAFIK I ALT,426
603,VESTERBROGADE sv.f. Stenosgade,2017,B: TUNG TRAFIK I ALT,40
603,VESTERBROGADE sv.f. Stenosgade,2017,CYKLER + KNALLERTER,1286
603,VESTERBROGADE sv.f. Stenosgade,2017,CYKLER + KNALLERTER I ALT,1318
603,VESTERBROGADE sv.f. Stenosgade,2017,LADCYKLER,32
603,VESTERBROGADE sv.f. Stenosgade,2017,LASTBILER,24
603,VESTERBROGADE sv.f. Stenosgade,2017,PERSONBILER + MC,291
603,VESTERBROGADE sv.f. Stenosgade,2017,"VAREVOGNE (MAX. 3,5 t)",135
603,VESTERBROGADE sv.f. Stenosgade,2018,A+B: KØRETØJER I ALT,770
603,VESTERBROGADE sv.f. Stenosgade,2018,A: LET TRAFIK I ALT,703
603,VESTERBROGADE sv.f. Stenosgade,2018,B: TUNG TRAFIK I ALT,67
603,VESTERBROGADE sv.f. Stenosgade,2018,CYKLER + KNALLERTER,1792
603,VESTERBROGADE sv.f. Stenosgade,2018,CYKLER + KNALLERTER I ALT,1846
603,VESTERBROGADE sv.f. Stenosgade,2018,LADCYKLER,54
603,VESTERBROGADE sv.f. Stenosgade,2018,LASTBILER,33
603,VESTERBROGADE sv.f. Stenosgade,2018,PERSONBILER + MC,547
603,VESTERBROGADE sv.f. Stenosgade,2018,"VAREVOGNE (MAX. 3,5 t)",156
603,VESTERBROGADE sv.f. Stenosgade,2019,A+B: KØRETØJER I ALT,721
603,VESTERBROGADE sv.f. Stenosgade,2019,A: LET TRAFIK I ALT,650
603,VESTERBROGADE sv.f. Stenosgade,2019,B: TUNG TRAFIK I ALT,71
603,VESTERBROGADE sv.f. Stenosgade,2019,CYKLER + KNALLERTER,1750
603,VESTERBROGADE sv.f. Stenosgade,2019,CYKLER + KNALLERTER I ALT,1809
603,VESTERBROGADE sv.f. Stenosgade,2019,LADCYKLER,59
603,VESTERBROGADE sv.f. Stenosgade,2019,LASTBILER,41
603,VESTERBROGADE sv.f. Stenosgade,2019,PERSONBILER + MC,504
603,VESTERBROGADE sv.f. Stenosgade,2019,"VAREVOGNE (MAX. 3,5 t)",146
603,VESTERBROGADE sv.f. Stenosgade,2020,A+B: KØRETØJER I ALT,941
603,VESTERBROGADE sv.f. Stenosgade,2020,A: LET TRAFIK I ALT,876
603,VESTERBROGADE sv.f. Stenosgade,2020,B: TUNG TRAFIK I ALT,65
603,VESTERBROGADE sv.f. Stenosgade,2020,CYKLER + KNALLERTER,1321
603,VESTERBROGADE sv.f. Stenosgade,2020,CYKLER + KNALLERTER I ALT,1373
603,VESTERBROGADE sv.f. Stenosgade,2020,LADCYKLER,52
603,VESTERBROGADE sv.f. Stenosgade,2020,LASTBILER,40
603,VESTERBROGADE sv.f. Stenosgade,2020,PERSONBILER + MC,683
603,VESTERBROGADE sv.f. Stenosgade,2020,"VAREVOGNE (MAX. 3,5 t)",193
603,VESTERBROGADE sv.f. Stenosgade,2021,A+B: KØRETØJER I ALT,924
603,VESTERBROGADE sv.f. Stenosgade,2021,A: LET TRAFIK I ALT,866
603,VESTERBROGADE sv.f. Stenosgade,2021,B: TUNG TRAFIK I ALT,58
603,VESTERBROGADE sv.f. Stenosgade,2021,CYKLER + KNALLERTER,1668
603,VESTERBROGADE sv.f. Stenosgade,2021,CYKLER + KNALLERTER I ALT,1748
603,VESTERBROGADE sv.f. Stenosgade,2021,LADCYKLER,80
603,VESTERBROGADE sv.f. Stenosgade,2021,LASTBILER,37
603,VESTERBROGADE sv.f. Stenosgade,2021,PERSONBILER + MC,655
603,VESTERBROGADE sv.f. Stenosgade,2021,"VAREVOGNE (MAX. 3,5 t)",211
603,VESTERBROGADE sv.f. Stenosgade,2022,A+B: KØRETØJER I ALT,881
603,VESTERBROGADE sv.f. Stenosgade,2022,A: LET TRAFIK I ALT,816
603,VESTERBROGADE sv.f. Stenosgade,2022,B: TUNG TRAFIK I ALT,65
603,VESTERBROGADE sv.f. Stenosgade,2022,CYKLER + KNALLERTER,1951
603,VESTERBROGADE sv.f. Stenosgade,2022,CYKLER + KNALLERTER I ALT,2042
603,VESTERBROGADE sv.f. Stenosgade,2022,LADCYKLER,91
603,VESTERBROGADE sv.f. Stenosgade,2022,LASTBILER,31
603,VESTERBROGADE sv.f. Stenosgade,2022,PERSONBILER + MC,632
603,VESTERBROGADE sv.f. Stenosgade,2022,"VAREVOGNE (MAX. 3,5 t)",184
603,VESTERBROGADE sv.f. Stenosgade,2023,A+B: KØRETØJER I ALT,800
603,VESTERBROGADE sv.f. Stenosgade,2023,A: LET TRAFIK I ALT,738
603,VESTERBROGADE sv.f. Stenosgade,2023,B: TUNG TRAFIK I ALT,62
603,VESTERBROGADE sv.f. Stenosgade,2023,CYKLER + KNALLERTER,1929
603,VESTERBROGADE sv.f. Stenosgade,2023,CYKLER + KNALLERTER I ALT,2038
603,VESTERBROGADE sv.f. Stenosgade,2023,LADCYKLER,109
603,VESTERBROGADE sv.f. Stenosgade,2023,LASTBILER,30
603,VESTERBROGADE sv.f. Stenosgade,2023,PERSONBILER + MC,548
603,VESTERBROGADE sv.f. Stenosgade,2023,"VAREVOGNE (MAX. 3,5 t)",190
717,KALKBRÆNDERIHAVNSGADE n.f. Indiakaj,2013,A+B: KØRETØJER I ALT,1615
717,KALKBRÆNDERIHAVNSGADE n.f. Indiakaj,2013,A: LET TRAFIK I ALT,1506
717,KALKBRÆNDERIHAVNSGADE n.f. Indiakaj,2013,B: TUNG TRAFIK I ALT,109
717,KALKBRÆNDERIHAVNSGADE n.f. Indiakaj,2013,CYKLER + KNALLERTER,1057
717,KALKBRÆNDERIHAVNSGADE n.f. Indiakaj,2013,CYKLER + KNALLERTER I ALT,1072
717,KALKBRÆNDERIHAVNSGADE n.f. Indiakaj,2013,LADCYKLER,15
717,KALKBRÆNDERIHAVNSGADE n.f. Indiakaj,2013,LASTBILER,73
717,KALKBRÆNDERIHAVNSGADE n.f. Indiakaj,2013,PERSONBILER + MC,1346
717,KALKBRÆNDERIHAVNSGADE n.f. Indiakaj,2013,"VAREVOGNE (MAX. 3,5 t)",160
717,KALKBRÆNDERIHAVNSGADE n.f. Indiakaj,2014,A+B: KØRETØJER I ALT,1486
717,KALKBRÆNDERIHAVNSGADE n.f. Indiakaj,2014,A: LET TRAFIK I ALT,1410
717,KALKBRÆNDERIHAVNSGADE n.f. Indiakaj,2014,B: TUNG TRAFIK I ALT,76
717,KALKBRÆNDERIHAVNSGADE n.f. Indiakaj,2014,CYKLER + KNALLERTER,1022
717,KALKBRÆNDERIHAVNSGADE n.f. Indiakaj,2014,CYKLER + KNALLERTER I ALT,1042
717,KALKBRÆNDERIHAVNSGADE n.f. Indiakaj,2014,LADCYKLER,20
717,KALKBRÆNDERIHAVNSGADE n.f. Indiakaj,2014,LASTBILER,60
717,KALKBRÆNDERIHAVNSGADE n.f. Indiakaj,2014,PERSONBILER + MC,1232
717,KALKBRÆNDERIHAVNSGADE n.f. Indiakaj,2014,"VAREVOGNE (MAX. 3,5 t)",178
717,KALKBRÆNDERIHAVNSGADE n.f. Indiakaj,2015,A+B: KØRETØJER I ALT,1518
717,KALKBRÆNDERIHAVNSGADE n.f. Indiakaj,2015,A: LET TRAFIK I ALT,1400
717,KALKBRÆNDERIHAVNSGADE n.f. Indiakaj,2015,B: TUNG TRAFIK I ALT,118
717,KALKBRÆNDERIHAVNSGADE n.f. Indiakaj,2015,CYKLER + KNALLERTER,1008
717,KALKBRÆNDERIHAVNSGADE n.f. Indiakaj,2015,CYKLER + KNALLERTER I ALT,1019
717,KALKBRÆNDERIHAVNSGADE n.f. Indiakaj,2015,LADCYKLER,11
717,KALKBRÆNDERIHAVNSGADE n.f. Indiakaj,2015,LASTBILER,102
717,KALKBRÆNDERIHAVNSGADE n.f. Indiakaj,2015,PERSONBILER + MC,1229
717,KALKBRÆNDERIHAVNSGADE n.f. Indiakaj,2015,"VAREVOGNE (MAX. 3,5 t)",171
717,KALKBRÆNDERIHAVNSGADE n.f. Indiakaj,2016,A+B: KØRETØJER I ALT,1633
717,KALKBRÆNDERIHAVNSGADE n.f. Indiakaj,2016,A: LET TRAFIK I ALT,1513
717,KALKBRÆNDERIHAVNSGADE n.f. Indiakaj,2016,B: TUNG TRAFIK I ALT,120
717,KALKBRÆNDERIHAVNSGADE n.f. Indiakaj,2016,CYKLER + KNALLERTER,800
717,KALKBRÆNDERIHAVNSGADE n.f. Indiakaj,2016,CYKLER + KNALLERTER I ALT,811
717,KALKBRÆNDERIHAVNSGADE n.f. Indiakaj,2016,LADCYKLER,11
717,KALKBRÆNDERIHAVNSGADE n.f. Indiakaj,2016,LASTBILER,105
717,KALKBRÆNDERIHAVNSGADE n.f. Indiakaj,2016,PERSONBILER + MC,1325
717,KALKBRÆNDERIHAVNSGADE n.f. Indiakaj,2016,"VAREVOGNE (MAX. 3,5 t)",188
717,KALKBRÆNDERIHAVNSGADE n.f. Indiakaj,2017,A+B: KØRETØJER I ALT,1466
717,KALKBRÆNDERIHAVNSGADE n.f. Indiakaj,2017,A: LET TRAFIK I ALT,1347
717,KALKBRÆNDERIHAVNSGADE n.f. Indiakaj,2017,B: TUNG TRAFIK I ALT,119
717,KALKBRÆNDERIHAVNSGADE n.f. Indiakaj,2017,CYKLER + KNALLERTER,978
717,KALKBRÆNDERIHAVNSGADE n.f. Indiakaj,2017,CYKLER + KNALLERTER I ALT,1000
717,KALKBRÆNDERIHAVNSGADE n.f. Indiakaj,2017,LADCYKLER,22
717,KALKBRÆNDERIHAVNSGADE n.f. Indiakaj,2017,LASTBILER,75
717,KALKBRÆNDERIHAVNSGADE n.f. Indiakaj,2017,PERSONBILER + MC,1212
717,KALKBRÆNDERIHAVNSGADE n.f. Indiakaj,2017,"VAREVOGNE (MAX. 3,5 t)",135
717,KALKBRÆNDERIHAVNSGADE n.f. Indiakaj,2018,A+B: KØRETØJER I ALT,4004
717,KALKBRÆNDERIHAVNSGADE n.f. Indiakaj,2018,A: LET TRAFIK I ALT,3793
717,KALKBRÆNDERIHAVNSGADE n.f. Indiakaj,2018,B: TUNG TRAFIK I ALT,211
717,KALKBRÆNDERIHAVNSGADE n.f. Indiakaj,2018,CYKLER + KNALLERTER,1997
717,KALKBRÆNDERIHAVNSGADE n.f. Indiakaj,2018,CYKLER + KNALLERTER I ALT,2048
717,KALKBRÆNDERIHAVNSGADE n.f. Indiakaj,2018,LADCYKLER,51
717,KALKBRÆNDERIHAVNSGADE n.f. Indiakaj,2018,LASTBILER,170
717,KALKBRÆNDERIHAVNSGADE n.f. Indiakaj,2018,PERSONBILER + MC,3415
717,KALKBRÆNDERIHAVNSGADE n.f. Indiakaj,2018,"VAREVOGNE (MAX. 3,5 t)",378
717,KALKBRÆNDERIHAVNSGADE n.f. Indiakaj,2019,A+B: KØRETØJER I ALT,2073
717,KALKBRÆNDERIHAVNSGADE n.f. Indiakaj,2019,A: LET TRAFIK I ALT,1967
717,KALKBRÆNDERIHAVNSGADE n.f. Indiakaj,2019,B: TUNG TRAFIK I ALT,106
717,KALKBRÆNDERIHAVNSGADE n.f. Indiakaj,2019,CYKLER + KNALLERTER,1103
717,KALKBRÆNDERIHAVNSGADE n.f. Indiakaj,2019,CYKLER + KNALLERTER I ALT,1129
717,KALKBRÆNDERIHAVNSGADE n.f. Indiakaj,2019,LADCYKLER,26
717,KALKBRÆNDERIHAVNSGADE n.f. Indiakaj,2019,LASTBILER,89
717,KALKBRÆNDERIHAVNSGADE n.f. Indiakaj,2019,PERSONBILER + MC,1743
717,KALKBRÆNDERIHAVNSGADE n.f. Indiakaj,2019,"VAREVOGNE (MAX. 3,5 t)",224
717,KALKBRÆNDERIHAVNSGADE n.f. Indiakaj,2020,A+B: KØRETØJER I ALT,1687
717,KALKBRÆNDERIHAVNSGADE n.f. Indiakaj,2020,A: LET TRAFIK I ALT,1622
717,KALKBRÆNDERIHAVNSGADE n.f. Indiakaj,2020,B: TUNG TRAFIK I ALT,65
717,KALKBRÆNDERIHAVNSGADE n.f. Indiakaj,2020,CYKLER + KNALLERTER,569
717,KALKBRÆNDERIHAVNSGADE n.f. Indiakaj,2020,CYKLER + KNALLERTER I ALT,605
717,KALKBRÆNDERIHAVNSGADE n.f. Indiakaj,2020,LADCYKLER,36
717,KALKBRÆNDERIHAVNSGADE n.f. Indiakaj,2020,LASTBILER,60
717,KALKBRÆNDERIHAVNSGADE n.f. Indiakaj,2020,PERSONBILER + MC,1396
717,KALKBRÆNDERIHAVNSGADE n.f. Indiakaj,2020,"VAREVOGNE (MAX. 3,5 t)",226
717,KALKBRÆNDERIHAVNSGADE n.f. Indiakaj,2021,A+B: KØRETØJER I ALT,1774
717,KALKBRÆNDERIHAVNSGADE n.f. Indiakaj,2021,A: LET TRAFIK I ALT,1684
717,KALKBRÆNDERIHAVNSGADE n.f. Indiakaj,2021,B: TUNG TRAFIK I ALT,90
717,KALKBRÆNDERIHAVNSGADE n.f. Indiakaj,2021,CYKLER + KNALLERTER,769
717,KALKBRÆNDERIHAVNSGADE n.f. Indiakaj,2021,CYKLER + KNALLERTER I ALT,820
717,KALKBRÆNDERIHAVNSGADE n.f. Indiakaj,2021,LADCYKLER,51
717,KALKBRÆNDERIHAVNSGADE n.f. Indiakaj,2021,LASTBILER,83
717,KALKBRÆNDERIHAVNSGADE n.f. Indiakaj,2021,PERSONBILER + MC,1471
717,KALKBRÆNDERIHAVNSGADE n.f. Indiakaj,2021,"VAREVOGNE (MAX. 3,5 t)",213
717,KALKBRÆNDERIHAVNSGADE n.f. Indiakaj,2022,A+B: KØRETØJER I ALT,1896
717,KALKBRÆNDERIHAVNSGADE n.f. Indiakaj,2022,A: LET TRAFIK I ALT,1762
717,KALKBRÆNDERIHAVNSGADE n.f. Indiakaj,2022,B: TUNG TRAFIK I ALT,134
717,KALKBRÆNDERIHAVNSGADE n.f. Indiakaj,2022,CYKLER + KNALLERTER,1069
717,KALKBRÆNDERIHAVNSGADE n.f. Indiakaj,2022,CYKLER + KNALLERTER I ALT,1127
717,KALKBRÆNDERIHAVNSGADE n.f. Indiakaj,2022,LADCYKLER,58
717,KALKBRÆNDERIHAVNSGADE n.f. Indiakaj,2022,LASTBILER,104
717,KALKBRÆNDERIHAVNSGADE n.f. Indiakaj,2022,PERSONBILER + MC,1593
717,KALKBRÆNDERIHAVNSGADE n.f. Indiakaj,2022,"VAREVOGNE (MAX. 3,5 t)",169
717,KALKBRÆNDERIHAVNSGADE n.f. Indiakaj,2023,A+B: KØRETØJER I ALT,1968
717,KALKBRÆNDERIHAVNSGADE n.f. Indiakaj,2023,A: LET TRAFIK I ALT,1894
717,KALKBRÆNDERIHAVNSGADE n.f. Indiakaj,2023,B: TUNG TRAFIK I ALT,74
717,KALKBRÆNDERIHAVNSGADE n.f. Indiakaj,2023,CYKLER + KNALLERTER,1107
717,KALKBRÆNDERIHAVNSGADE n.f. Indiakaj,2023,CYKLER + KNALLERTER I ALT,1186
717,KALKBRÆNDERIHAVNSGADE n.f. Indiakaj,2023,LADCYKLER,79
717,KALKBRÆNDERIHAVNSGADE n.f. Indiakaj,2023,LASTBILER,60
717,KALKBRÆNDERIHAVNSGADE n.f. Indiakaj,2023,PERSONBILER + MC,1708
717,KALKBRÆNDERIHAVNSGADE n.f. Indiakaj,2023,"VAREVOGNE (MAX. 3,5 t)",186
